char,hex,glyph
あ,U+3042,0
い,U+3044,1
う,U+3046,2
え,U+3048,3
お,U+304A,4
か,U+304B,5
き,U+304D,6
く,U+304F,7
け,U+3051,8
こ,U+3053,9
さ,U+3055,10
し,U+3057,11
す,U+3059,12
せ,U+305B,13
そ,U+305D,14
た,U+305F,15
ち,U+3061,16
つ,U+3064,17
て,U+3066,18
と,U+3068,19
な,U+306A,20
に,U+306B,21
ぬ,U+306C,22
ね,U+306D,23
の,U+306E,24
は,U+306F,25
ひ,U+3072,26
ふ,U+3075,27
へ,U+3078,28
ほ,U+307B,29
ま,U+307E,30
み,U+307F,31
む,U+3080,32
め,U+3081,33
も,U+3082,34
や,U+3084,35
ゆ,U+3086,37
よ,U+3088,39
ら,U+3089,40
り,U+308A,41
る,U+308B,42
れ,U+308C,43
ろ,U+308D,44
わ,U+308F,45
を,U+3092,47
ん,U+3093,49
ぁ,U+3041,50
ぃ,U+3043,51
ぅ,U+3045,52
ぇ,U+3047,53
ぉ,U+3049,54
ゃ,U+3083,55
ゅ,U+3085,57
ょ,U+3087,59
が,U+304C,60
ぎ,U+304E,61
ぐ,U+3050,62
げ,U+3052,63
ご,U+3054,64
ざ,U+3056,65
じ,U+3058,66
ず,U+305A,67
ぜ,U+305C,68
ぞ,U+305E,69
だ,U+3060,70
ぢ,U+3062,71
づ,U+3065,72
で,U+3067,73
ど,U+3069,74
ば,U+3070,75
び,U+3073,76
ぶ,U+3076,77
べ,U+3079,78
ぼ,U+307C,79
ぱ,U+3071,80
ぴ,U+3074,81
ぷ,U+3077,82
ぺ,U+307A,83
ぽ,U+307D,84
ー,U+30FC,85
っ,U+3063,86
ア,U+30A2,90
イ,U+30A4,91
ウ,U+30A6,92
エ,U+30A8,93
オ,U+30AA,94
カ,U+30AB,95
キ,U+30AD,96
ク,U+30AF,97
ケ,U+30B1,98
コ,U+30B3,99
サ,U+30B5,100
シ,U+30B7,101
ス,U+30B9,102
セ,U+30BB,103
ソ,U+30BD,104
タ,U+30BF,105
チ,U+30C1,106
ツ,U+30C4,107
テ,U+30C6,108
ト,U+30C8,109
ナ,U+30CA,110
ニ,U+30CB,111
ヌ,U+30CC,112
ネ,U+30CD,113
ノ,U+30CE,114
ハ,U+30CF,115
ヒ,U+30D2,116
フ,U+30D5,117
ヘ,U+30D8,118
ホ,U+30DB,119
マ,U+30DE,120
ミ,U+30DF,121
ム,U+30E0,122
メ,U+30E1,123
モ,U+30E2,124
ヤ,U+30E4,125
ユ,U+30E6,127
ヨ,U+30E8,129
ラ,U+30E9,130
リ,U+30EA,131
ル,U+30EB,132
レ,U+30EC,133
ロ,U+30ED,134
ワ,U+30EF,135
ヲ,U+30F2,137
ン,U+30F3,139
ァ,U+30A1,140
ィ,U+30A3,141
ゥ,U+30A5,142
ェ,U+30A7,143
ォ,U+30A9,144
ャ,U+30E3,145
ュ,U+30E5,147
ョ,U+30E7,149
ガ,U+30AC,150
ギ,U+30AE,151
グ,U+30B0,152
ゲ,U+30B2,153
ゴ,U+30B4,154
ザ,U+30B6,155
ジ,U+30B8,156
ズ,U+30BA,157
ゼ,U+30BC,158
ゾ,U+30BE,159
ダ,U+30C0,160
ヂ,U+30C2,161
ヅ,U+30C5,162
デ,U+30C7,163
ド,U+30C9,164
バ,U+30D0,165
ビ,U+30D3,166
ブ,U+30D6,167
ベ,U+30D9,168
ボ,U+30DC,169
パ,U+30D1,170
ピ,U+30D4,171
プ,U+30D7,172
ペ,U+30DA,173
ポ,U+30DD,174
ッ,U+30C3,176
1,U+0031,180
2,U+0032,181
3,U+0033,182
4,U+0034,183
5,U+0035,184
6,U+0036,185
7,U+0037,186
8,U+0038,187
9,U+0039,188
0,U+0030,189
@,U+0040,190
。,U+3002,192
：,U+FF1A,193
！,U+FF01,194
，,U+FF0C,195
？,U+FF1F,196
·,U+00B7,197
—,U+2014,198
、,U+3001,199
…,U+2026,200
」,U+300D,201
「,U+300C,202
）,U+FF09,203
（,U+FF08,204
《,U+300A,205
》,U+300B,206
】,U+3011,207
【,U+3010,208
○,U+25CB,209
／,U+FF0F,210
～,U+FF5E,211
％,U+FF05,212
△,U+25B3,213
『,U+300E,214
』,U+300F,215
O,U+004F,216
e,U+0065,217
E,U+0045,218
T,U+0054,219
P,U+0050,220
i,U+0069,221
a,U+0061,222
K,U+004B,223
-,U+002D,224
n,U+006E,225
t,U+0074,226
N,U+004E,227
o,U+006F,228
S,U+0053,229
Y,U+0059,230
D,U+0044,231
s,U+0073,232
F,U+0046,233
d,U+0064,234
y,U+0079,235
r,U+0072,236
C,U+0043,237
u,U+0075,238
A,U+0041,239
k,U+006B,240
g,U+0067,241
c,U+0063,242
R,U+0052,243
l,U+006C,244
L,U+004C,245
h,U+0068,246
m,U+006D,247
.,U+002E,248
B,U+0042,249
I,U+0049,250
v,U+0076,251
G,U+0047,252
p,U+0070,253
H,U+0048,254
w,U+0077,255
M,U+004D,256
U,U+0055,257
f,U+0066,258
',U+0027,259
W,U+0057,260
b,U+0062,261
X,U+0058,262
J,U+004A,263
Q,U+0051,264
Z,U+005A,265
%,U+0025,266
",",U+002C,267
?,U+003F,268
V,U+0056,269
j,U+006A,270
q,U+0071,271
x,U+0078,272
z,U+007A,273
的,U+7684,274
了,U+4E86,275
不,U+4E0D,276
是,U+662F,277
人,U+4EBA,278
这,U+8FD9,279
特,U+7279,280
来,U+6765,281
一,U+4E00,282
斯,U+65AF,283
我,U+6211,284
好,U+597D,285
蒂,U+8482,286
啊,U+554A,287
里,U+91CC,288
那,U+90A3,289
在,U+5728,290
蛋,U+86CB,291
也,U+4E5F,292
说,U+8BF4,293
有,U+6709,294
下,U+4E0B,295
巴,U+5DF4,296
就,U+5C31,297
力,U+529B,298
大,U+5927,299
么,U+4E48,300
上,U+4E0A,301
可,U+53EF,302
能,U+80FD,303
动,U+52A8,304
卡,U+5361,305
安,U+5B89,306
出,U+51FA,307
之,U+4E4B,308
伊,U+4F0A,309
塞,U+585E,310
子,U+5B50,311
把,U+628A,312
着,U+7740,313
你,U+4F60,314
被,U+88AB,315
机,U+673A,316
要,U+8981,317
莉,U+8389,318
地,U+5730,319
到,U+5230,320
尔,U+5C14,321
加,U+52A0,322
去,U+53BB,323
没,U+6CA1,324
星,U+661F,325
吧,U+5427,326
奈,U+5948,327
想,U+60F3,328
会,U+4F1A,329
对,U+5BF9,330
升,U+5347,331
样,U+6837,332
格,U+683C,333
长,U+957F,334
们,U+4EEC,335
克,U+514B,336
得,U+5F97,337
用,U+7528,338
开,U+5F00,339
迷,U+8FF7,340
气,U+6C14,341
自,U+81EA,342
过,U+8FC7,343
看,U+770B,344
打,U+6253,345
吗,U+5417,346
部,U+90E8,347
击,U+51FB,348
马,U+9A6C,349
手,U+624B,350
为,U+4E3A,351
什,U+4EC0,352
战,U+6218,353
艾,U+827E,354
和,U+548C,355
中,U+4E2D,356
心,U+5FC3,357
怪,U+602A,358
个,U+4E2A,359
技,U+6280,360
兴,U+5174,361
起,U+8D77,362
体,U+4F53,363
生,U+751F,364
还,U+8FD8,365
队,U+961F,366
次,U+6B21,367
军,U+519B,368
擅,U+64C5,369
成,U+6210,370
给,U+7ED9,371
趣,U+8DA3,372
点,U+70B9,373
阶,U+9636,374
参,U+53C2,375
呢,U+5462,376
哦,U+54E6,377
以,U+4EE5,378
住,U+4F4F,379
变,U+53D8,380
事,U+4E8B,381
小,U+5C0F,382
呀,U+5440,383
宝,U+5B9D,384
宫,U+5BAB,385
攻,U+653B,386
家,U+5BB6,387
最,U+6700,388
都,U+90FD,389
发,U+53D1,390
曼,U+66FC,391
真,U+771F,392
话,U+8BDD,393
新,U+65B0,394
像,U+50CF,395
龙,U+9F99,396
王,U+738B,397
拉,U+62C9,398
半,U+534A,399
梅,U+6885,400
别,U+522B,401
回,U+56DE,402
时,U+65F6,403
种,U+79CD,404
再,U+518D,405
妈,U+5988,406
从,U+4ECE,407
全,U+5168,408
当,U+5F53,409
姿,U+59FF,410
将,U+5C06,411
走,U+8D70,412
多,U+591A,413
行,U+884C,414
明,U+660E,415
殿,U+6BBF,416
勇,U+52C7,417
进,U+8FDB,418
情,U+60C5,419
正,U+6B63,420
熟,U+719F,421
场,U+573A,422
请,U+8BF7,423
现,U+73B0,424
天,U+5929,425
道,U+9053,426
努,U+52AA,427
英,U+82F1,428
美,U+7F8E,429
雄,U+96C4,430
俺,U+4FFA,431
方,U+65B9,432
量,U+91CF,433
阿,U+963F,434
元,U+5143,435
然,U+7136,436
精,U+7CBE,437
喜,U+559C,438
嗯,U+55EF,439
神,U+795E,440
主,U+4E3B,441
哪,U+54EA,442
作,U+4F5C,443
四,U+56DB,444
迪,U+8FEA,445
定,U+5B9A,446
掉,U+6389,447
莱,U+83B1,448
合,U+5408,449
所,U+6240,450
利,U+5229,451
招,U+62DB,452
连,U+8FDE,453
才,U+624D,454
死,U+6B7B,455
怎,U+600E,456
只,U+53EA,457
见,U+89C1,458
入,U+5165,459
后,U+540E,460
女,U+5973,461
弗,U+5F17,462
球,U+7403,463
员,U+5458,464
记,U+8BB0,465
本,U+672C,466
知,U+77E5,467
鲁,U+9C81,468
世,U+4E16,469
草,U+8349,470
强,U+5F3A,471
恶,U+6076,472
做,U+505A,473
终,U+7EC8,474
门,U+95E8,475
斗,U+6597,476
复,U+590D,477
降,U+964D,478
前,U+524D,479
身,U+8EAB,480
很,U+5F88,481
装,U+88C5,482
哈,U+54C8,483
波,U+6CE2,484
活,U+6D3B,485
比,U+6BD4,486
友,U+53CB,487
播,U+64AD,488
月,U+6708,489
德,U+5FB7,490
已,U+5DF2,491
械,U+68B0,492
达,U+8FBE,493
面,U+9762,494
奇,U+5947,495
经,U+7ECF,496
让,U+8BA9,497
空,U+7A7A,498
士,U+58EB,499
备,U+5907,500
啦,U+5566,501
通,U+901A,502
标,U+6807,503
伙,U+4F19,504
使,U+4F7F,505
吃,U+5403,506
界,U+754C,507
觉,U+89C9,508
者,U+8005,509
飞,U+98DE,510
米,U+7C73,511
感,U+611F,512
普,U+666E,513
莫,U+83AB,514
完,U+5B8C,515
等,U+7B49,516
干,U+5E72,517
究,U+7A76,518
关,U+5173,519
头,U+5934,520
反,U+53CD,521
颗,U+9897,522
己,U+5DF1,523
无,U+65E0,524
谢,U+8C22,525
意,U+610F,526
魔,U+9B54,527
分,U+5206,528
西,U+897F,529
演,U+6F14,530
爱,U+7231,531
玛,U+739B,532
儿,U+513F,533
虫,U+866B,534
重,U+91CD,535
占,U+5360,536
度,U+5EA6,537
解,U+89E3,538
收,U+6536,539
逃,U+9003,540
实,U+5B9E,541
弹,U+5F39,542
哟,U+54DF,543
夫,U+592B,544
法,U+6CD5,545
派,U+6D3E,546
男,U+7537,547
彭,U+5F6D,548
欢,U+6B22,549
相,U+76F8,550
间,U+95F4,551
始,U+59CB,552
研,U+7814,553
命,U+547D,554
太,U+592A,555
物,U+7269,556
谁,U+8C01,557
呼,U+547C,558
防,U+9632,559
他,U+4ED6,560
骑,U+9A91,561
光,U+5149,562
超,U+8D85,563
层,U+5C42,564
酱,U+9171,565
三,U+4E09,566
浪,U+6D6A,567
鱼,U+9C7C,568
灵,U+7075,569
算,U+7B97,570
坏,U+574F,571
号,U+53F7,572
金,U+91D1,573
害,U+5BB3,574
转,U+8F6C,575
伤,U+4F24,576
蒙,U+8499,577
边,U+8FB9,578
放,U+653E,579
持,U+6301,580
果,U+679C,581
造,U+9020,582
思,U+601D,583
数,U+6570,584
沙,U+6C99,585
红,U+7EA2,586
近,U+8FD1,587
速,U+901F,588
据,U+636E,589
煮,U+716E,590
集,U+96C6,591
工,U+5DE5,592
该,U+8BE5,593
先,U+5148,594
向,U+5411,595
带,U+5E26,596
拿,U+62FF,597
今,U+4ECA,598
总,U+603B,599
消,U+6D88,600
华,U+534E,601
桑,U+6851,602
少,U+5C11,603
旗,U+65D7,604
鸣,U+9E23,605
快,U+5FEB,606
欧,U+6B27,607
老,U+8001,608
阵,U+9635,609
其,U+5176,610
件,U+4EF6,611
候,U+5019,612
父,U+7236,613
白,U+767D,614
孩,U+5B69,615
结,U+7ED3,616
讨,U+8BA8,617
嘛,U+561B,618
捕,U+6355,619
眼,U+773C,620
第,U+7B2C,621
丹,U+4E39,622
又,U+53C8,623
礼,U+793C,624
爷,U+7237,625
琼,U+743C,626
靠,U+9760,627
信,U+4FE1,628
外,U+5916,629
往,U+5F80,630
母,U+6BCD,631
直,U+76F4,632
如,U+5982,633
负,U+8D1F,634
改,U+6539,635
水,U+6C34,636
因,U+56E0,637
平,U+5E73,638
名,U+540D,639
与,U+4E0E,640
剑,U+5251,641
同,U+540C,642
呵,U+5475,643
守,U+5B88,644
木,U+6728,645
切,U+5207,646
啪,U+556A,647
字,U+5B57,648
炸,U+70B8,649
势,U+52BF,650
器,U+5668,651
处,U+5904,652
教,U+6559,653
路,U+8DEF,654
东,U+4E1C,655
威,U+5A01,656
敌,U+654C,657
皮,U+76AE,658
待,U+5F85,659
找,U+627E,660
火,U+706B,661
选,U+9009,662
怕,U+6015,663
存,U+5B58,664
巨,U+5DE8,665
状,U+72B6,666
石,U+77F3,667
箱,U+7BB1,668
试,U+8BD5,669
听,U+542C,670
土,U+571F,671
御,U+5FA1,672
乱,U+4E71,673
化,U+5316,674
牌,U+724C,675
而,U+800C,676
花,U+82B1,677
许,U+8BB8,678
传,U+4F20,679
失,U+5931,680
形,U+5F62,681
梦,U+68A6,682
类,U+7C7B,683
亚,U+4E9A,684
鸟,U+9E1F,685
受,U+53D7,686
叫,U+53EB,687
游,U+6E38,688
难,U+96BE,689
冬,U+51AC,690
您,U+60A8,691
此,U+6B64,692
油,U+6CB9,693
笑,U+7B11,694
粉,U+7C89,695
黑,U+9ED1,696
泡,U+6CE1,697
示,U+793A,698
落,U+843D,699
停,U+505C,700
眠,U+7720,701
败,U+8D25,702
交,U+4EA4,703
稍,U+7A0D,704
罗,U+7F57,705
雾,U+96FE,706
办,U+529E,707
吾,U+543E,708
微,U+5FAE,709
耐,U+8010,710
钱,U+94B1,711
兔,U+5154,712
必,U+5FC5,713
戏,U+620F,714
挑,U+6311,715
束,U+675F,716
费,U+8D39,717
亲,U+4EB2,718
立,U+7ACB,719
肉,U+8089,720
茄,U+8304,721
二,U+4E8C,722
各,U+5404,723
常,U+5E38,724
问,U+95EE,725
刺,U+523A,726
匙,U+5319,727
原,U+539F,728
启,U+542F,729
弱,U+5F31,730
松,U+677E,731
核,U+6838,732
节,U+8282,733
钥,U+94A5,734
于,U+4E8E,735
呐,U+5450,736
型,U+578B,737
恭,U+606D,738
滚,U+6EDA,739
由,U+7531,740
色,U+8272,741
食,U+98DF,742
冲,U+51B2,743
凡,U+51E1,744
厌,U+538C,745
基,U+57FA,746
奥,U+5965,747
角,U+89D2,748
助,U+52A9,749
指,U+6307,750
祖,U+7956,751
运,U+8FD0,752
高,U+9AD8,753
年,U+5E74,754
满,U+6EE1,755
烦,U+70E6,756
音,U+97F3,757
倒,U+5012,758
喂,U+5582,759
嘿,U+563F,760
雅,U+96C5,761
两,U+4E24,762
叶,U+53F6,763
库,U+5E93,764
报,U+62A5,765
挺,U+633A,766
跳,U+8DF3,767
透,U+900F,768
托,U+6258,769
海,U+6D77,770
居,U+5C45,771
爸,U+7238,772
苏,U+82CF,773
目,U+76EE,774
位,U+4F4D,775
哎,U+54CE,776
止,U+6B62,777
猿,U+733F,778
鬼,U+9B3C,779
导,U+5BFC,780
拜,U+62DC,781
服,U+670D,782
毒,U+6BD2,783
热,U+70ED,784
紧,U+7D27,785
肌,U+808C,786
诶,U+8BF6,787
跟,U+8DDF,788
乎,U+4E4E,789
台,U+53F0,790
吸,U+5438,791
性,U+6027,792
拍,U+62CD,793
早,U+65E9,794
更,U+66F4,795
痛,U+75DB,796
臭,U+81ED,797
袋,U+888B,798
输,U+8F93,799
邪,U+90AA,800
错,U+9519,801
题,U+9898,802
卫,U+536B,803
够,U+591F,804
姆,U+59C6,805
姬,U+59EC,806
宇,U+5B87,807
宙,U+5B99,808
损,U+635F,809
搞,U+641E,810
流,U+6D41,811
漫,U+6F2B,812
玩,U+73A9,813
假,U+5047,814
提,U+63D0,815
效,U+6548,816
日,U+65E5,817
春,U+6625,818
认,U+8BA4,819
历,U+5386,820
客,U+5BA2,821
布,U+5E03,822
幻,U+5E7B,823
座,U+5EA7,824
设,U+8BBE,825
足,U+8DB3,826
买,U+4E70,827
决,U+51B3,828
应,U+5E94,829
按,U+6309,830
静,U+9759,831
公,U+516C,832
吉,U+5409,833
配,U+914D,834
叔,U+53D4,835
口,U+53E3,836
呜,U+545C,837
哇,U+54C7,838
哼,U+54FC,839
妹,U+59B9,840
姐,U+59D0,841
尽,U+5C3D,842
饭,U+996D,843
香,U+9999,844
保,U+4FDD,845
咕,U+5495,846
夏,U+590F,847
婚,U+5A5A,848
狠,U+72E0,849
破,U+7834,850
索,U+7D22,851
赢,U+8D62,852
临,U+4E34,853
取,U+53D6,854
妖,U+5996,855
拳,U+62F3,856
移,U+79FB,857
系,U+7CFB,858
暗,U+6697,859
爆,U+7206,860
独,U+72EC,861
风,U+98CE,862
嘎,U+560E,863
婆,U+5A46,864
汁,U+6C41,865
理,U+7406,866
瓜,U+74DC,867
统,U+7EDF,868
肯,U+80AF,869
修,U+4FEE,870
初,U+521D,871
南,U+5357,872
却,U+5374,873
君,U+541B,874
晃,U+6643,875
模,U+6A21,876
激,U+6FC0,877
硬,U+786C,878
七,U+4E03,879
些,U+4E9B,880
置,U+7F6E,881
闪,U+95EA,882
任,U+4EFB,883
兰,U+5170,884
冻,U+51BB,885
卜,U+535C,886
史,U+53F2,887
吓,U+5413,888
喝,U+559D,889
团,U+56E2,890
容,U+5BB9,891
式,U+5F0F,892
忘,U+5FD8,893
慢,U+6162,894
欲,U+6B32,895
编,U+7F16,896
麻,U+9EBB,897
务,U+52A1,898
卢,U+5362,899
察,U+5BDF,900
投,U+6295,901
择,U+62E9,902
换,U+6362,903
摇,U+6447,904
绝,U+7EDD,905
谜,U+8C1C,906
便,U+4FBF,907
劲,U+52B2,908
接,U+63A5,909
贡,U+8D21,910
随,U+968F,911
卷,U+5377,912
味,U+5473,913
息,U+606F,914
护,U+62A4,915
爹,U+7239,916
组,U+7EC4,917
诺,U+8BFA,918
冰,U+51B0,919
况,U+51B5,920
准,U+51C6,921
凉,U+51C9,922
底,U+5E95,923
怒,U+6012,924
深,U+6DF1,925
猪,U+732A,926
竞,U+7ADE,927
虽,U+867D,928
计,U+8BA1,929
齐,U+9F50,930
何,U+4F55,931
写,U+5199,932
告,U+544A,933
娃,U+5A03,934
恢,U+6062,935
悟,U+609F,936
潜,U+6F5C,937
灭,U+706D,938
烟,U+70DF,939
电,U+7535,940
睡,U+7761,941
脸,U+8138,942
议,U+8BAE,943
铁,U+94C1,944
压,U+538B,945
唤,U+5524,946
圣,U+5723,947
低,U+4F4E,948
屋,U+5C4B,949
惠,U+60E0,950
杰,U+6770,951
灯,U+706F,952
藏,U+85CF,953
轻,U+8F7B,954
陷,U+9677,955
首,U+9996,956
鸡,U+9E21,957
份,U+4EFD,958
休,U+4F11,959
勃,U+52C3,960
图,U+56FE,961
寿,U+5BFF,962
差,U+5DEE,963
某,U+67D0,964
柔,U+67D4,965
确,U+786E,966
领,U+9886,967
鼻,U+9F3B,968
刚,U+521A,969
周,U+5468,970
唇,U+5507,971
恋,U+604B,972
沫,U+6CAB,973
胜,U+80DC,974
蛾,U+86FE,975
警,U+8B66,976
调,U+8C03,977
迎,U+8FCE,978
丽,U+4E3D,979
亮,U+4EAE,980
似,U+4F3C,981
啾,U+557E,982
志,U+5FD7,983
态,U+6001,984
惑,U+60D1,985
求,U+6C42,986
章,U+7AE0,987
贾,U+8D3E,988
单,U+5355,989
吼,U+543C,990
塔,U+5854,991
夺,U+593A,992
张,U+5F20,993
扑,U+6251,994
撞,U+649E,995
盖,U+76D6,996
续,U+7EED,997
贩,U+8D29,998
包,U+5305,999
唔,U+5514,1000
声,U+58F0,1001
巧,U+5DE7,1002
曲,U+66F2,1003
朝,U+671D,1004
糊,U+7CCA,1005
级,U+7EA7,1006
菜,U+83DC,1007
蓝,U+84DD,1008
识,U+8BC6,1009
赤,U+8D64,1010
踢,U+8E22,1011
酒,U+9152,1012
非,U+975E,1013
顿,U+987F,1014
鼓,U+9F13,1015
伴,U+4F34,1016
佐,U+4F50,1017
唉,U+5509,1018
清,U+6E05,1019
秋,U+79CB,1020
袭,U+88AD,1021
令,U+4EE4,1022
十,U+5341,1023
噜,U+565C,1024
旦,U+65E6,1025
片,U+7247,1026
菇,U+83C7,1027
象,U+8C61,1028
丈,U+4E08,1029
召,U+53EC,1030
噗,U+5657,1031
射,U+5C04,1032
并,U+5E76,1033
弃,U+5F03,1034
懂,U+61C2,1035
整,U+6574,1036
站,U+7AD9,1037
送,U+9001,1038
钻,U+94BB,1039
久,U+4E45,1040
危,U+5371,1041
忍,U+5FCD,1042
恩,U+6069,1043
抱,U+62B1,1044
科,U+79D1,1045
表,U+8868,1046
兵,U+5175,1047
密,U+5BC6,1048
撒,U+6492,1049
故,U+6545,1050
望,U+671B,1051
杀,U+6740,1052
盯,U+76EF,1053
苦,U+82E6,1054
获,U+83B7,1055
语,U+8BED,1056
险,U+9669,1057
副,U+526F,1058
咯,U+54AF,1059
唱,U+5531,1060
引,U+5F15,1061
森,U+68EE,1062
歉,U+6B49,1063
步,U+6B65,1064
温,U+6E29,1065
瓶,U+74F6,1066
管,U+7BA1,1067
线,U+7EBF,1068
乐,U+4E50,1069
咖,U+5496,1070
妇,U+5987,1071
它,U+5B83,1072
师,U+5E08,1073
帮,U+5E2E,1074
弄,U+5F04,1075
扔,U+6254,1076
散,U+6563,1077
秘,U+79D8,1078
继,U+7EE7,1079
裂,U+88C2,1080
偷,U+5077,1081
几,U+51E0,1082
品,U+54C1,1083
戈,U+6208,1084
歌,U+6B4C,1085
画,U+753B,1086
盒,U+76D2,1087
赌,U+8D4C,1088
乔,U+4E54,1089
兄,U+5144,1090
创,U+521B,1091
卖,U+5356,1092
吻,U+543B,1093
哥,U+54E5,1094
唧,U+5527,1095
尼,U+5C3C,1096
查,U+67E5,1097
榆,U+6986,1098
血,U+8840,1099
途,U+9014,1100
需,U+9700,1101
优,U+4F18,1102
内,U+5185,1103
协,U+534F,1104
役,U+5F79,1105
支,U+652F,1106
晚,U+665A,1107
枪,U+67AA,1108
槽,U+69FD,1109
注,U+6CE8,1110
程,U+7A0B,1111
竟,U+7ADF,1112
赶,U+8D76,1113
限,U+9650,1114
预,U+9884,1115
丘,U+4E18,1116
古,U+53E4,1117
哄,U+54C4,1118
啡,U+5561,1119
围,U+56F4,1120
席,U+5E2D,1121
承,U+627F,1122
断,U+65AD,1123
未,U+672A,1124
极,U+6781,1125
汤,U+6C64,1126
测,U+6D4B,1127
涕,U+6D95,1128
突,U+7A81,1129
越,U+8D8A,1130
除,U+9664,1131
顺,U+987A,1132
魂,U+9B42,1133
商,U+5546,1134
尸,U+5C38,1135
救,U+6551,1136
概,U+6982,1137
肚,U+809A,1138
舞,U+821E,1139
远,U+8FDC,1140
丰,U+4E30,1141
亨,U+4EA8,1142
刀,U+5200,1143
喷,U+55B7,1144
弥,U+5F25,1145
茶,U+8336,1146
视,U+89C6,1147
豚,U+8C5A,1148
贴,U+8D34,1149
雇,U+96C7,1150
验,U+9A8C,1151
乌,U+4E4C,1152
仗,U+4ED7,1153
代,U+4EE3,1154
偶,U+5076,1155
匠,U+5320,1156
嘻,U+563B,1157
彩,U+5F69,1158
愿,U+613F,1159
扎,U+624E,1160
挨,U+6328,1161
操,U+64CD,1162
文,U+6587,1163
晴,U+6674,1164
朋,U+670B,1165
术,U+672F,1166
每,U+6BCF,1167
炖,U+7096,1168
照,U+7167,1169
穿,U+7A7F,1170
维,U+7EF4,1171
辛,U+8F9B,1172
须,U+987B,1173
傻,U+50BB,1174
兽,U+517D,1175
制,U+5236,1176
墙,U+5899,1177
帅,U+5E05,1178
恐,U+6050,1179
抓,U+6293,1180
搭,U+642D,1181
族,U+65CF,1182
期,U+671F,1183
液,U+6DB2,1184
湿,U+6E7F,1185
炼,U+70BC,1186
犬,U+72AC,1187
狛,U+72DB,1188
称,U+79F0,1189
脑,U+8111,1190
若,U+82E5,1191
蘑,U+8611,1192
陆,U+9646,1193
黏,U+9ECF,1194
哭,U+54ED,1195
币,U+5E01,1196
施,U+65BD,1197
映,U+6620,1198
福,U+798F,1199
简,U+7B80,1200
纸,U+7EB8,1201
脚,U+811A,1202
芬,U+82AC,1203
言,U+8A00,1204
读,U+8BFB,1205
豆,U+8C46,1206
闲,U+95F2,1207
陨,U+9668,1208
丁,U+4E01,1209
争,U+4E89,1210
仑,U+4ED1,1211
伸,U+4F38,1212
俑,U+4FD1,1213
列,U+5217,1214
博,U+535A,1215
厉,U+5389,1216
双,U+53CC,1217
弟,U+5F1F,1218
怀,U+6000,1219
愧,U+6127,1220
抢,U+62A2,1221
武,U+6B66,1222
漂,U+6F02,1223
狱,U+72F1,1224
猫,U+732B,1225
留,U+7559,1226
疼,U+75BC,1227
睛,U+775B,1228
离,U+79BB,1229
练,U+7EC3,1230
臀,U+81C0,1231
蒜,U+849C,1232
陶,U+9676,1233
雀,U+96C0,1234
雷,U+96F7,1235
丢,U+4E22,1236
乃,U+4E43,1237
义,U+4E49,1238
八,U+516B,1239
功,U+529F,1240
吐,U+5410,1241
呣,U+5463,1242
宾,U+5BBE,1243
岁,U+5C81,1244
插,U+63D2,1245
枚,U+679A,1246
灾,U+707E,1247
环,U+73AF,1248
穆,U+7A46,1249
繰,U+7E70,1250
葵,U+8475,1251
诸,U+8BF8,1252
赛,U+8D5B,1253
跑,U+8DD1,1254
锤,U+9524,1255
鲨,U+9CA8,1256
且,U+4E14,1257
书,U+4E66,1258
仔,U+4ED4,1259
俘,U+4FD8,1260
农,U+519C,1261
吞,U+541E,1262
吵,U+5435,1263
堤,U+5824,1264
夜,U+591C,1265
学,U+5B66,1266
摆,U+6446,1267
既,U+65E2,1268
汉,U+6C49,1269
河,U+6CB3,1270
牙,U+7259,1271
狗,U+72D7,1272
细,U+7EC6,1273
绿,U+7EFF,1274
职,U+804C,1275
芙,U+8299,1276
贝,U+8D1D,1277
赫,U+8D6B,1278
软,U+8F6F,1279
较,U+8F83,1280
遇,U+9047,1281
乘,U+4E58,1282
劈,U+5288,1283
印,U+5370,1284
妙,U+5999,1285
州,U+5DDE,1286
幽,U+5E7D,1287
抽,U+62BD,1288
撤,U+64A4,1289
杆,U+6746,1290
李,U+674E,1291
架,U+67B6,1292
毫,U+6BEB,1293
永,U+6C38,1294
番,U+756A,1295
舔,U+8214,1296
诞,U+8BDE,1297
赏,U+8D4F,1298
露,U+9732,1299
业,U+4E1A,1300
储,U+50A8,1301
医,U+533B,1302
吱,U+5431,1303
咬,U+54AC,1304
影,U+5F71,1305
拥,U+62E5,1306
挥,U+6325,1307
条,U+6761,1308
泰,U+6CF0,1309
涌,U+6D8C,1310
滑,U+6ED1,1311
聊,U+804A,1312
腻,U+817B,1313
薪,U+85AA,1314
虎,U+864E,1315
蜓,U+8713,1316
蜻,U+873B,1317
蝗,U+8757,1318
锁,U+9501,1319
锅,U+9505,1320
鼠,U+9F20,1321
倍,U+500D,1322
值,U+503C,1323
僵,U+50F5,1324
寻,U+5BFB,1325
悄,U+6084,1326
拔,U+62D4,1327
拼,U+62FC,1328
旅,U+65C5,1329
暴,U+66B4,1330
根,U+6839,1331
植,U+690D,1332
欸,U+6B38,1333
涡,U+6DA1,1334
漩,U+6F29,1335
烈,U+70C8,1336
碰,U+78B0,1337
绘,U+7ED8,1338
耀,U+8000,1339
股,U+80A1,1340
胆,U+80C6,1341
蚪,U+86AA,1342
蝌,U+874C,1343
衡,U+8861,1344
追,U+8FFD,1345
霜,U+971C,1346
习,U+4E60,1347
价,U+4EF7,1348
呆,U+5446,1349
嘟,U+561F,1350
怖,U+6016,1351
急,U+6025,1352
悠,U+60A0,1353
排,U+6392,1354
末,U+672B,1355
段,U+6BB5,1356
滴,U+6EF4,1357
猛,U+731B,1358
脱,U+8131,1359
萨,U+8428,1360
蜍,U+870D,1361
蜡,U+8721,1362
蟾,U+87FE,1363
诉,U+8BC9,1364
退,U+9000,1365
铃,U+94C3,1366
餐,U+9910,1367
募,U+52DF,1368
及,U+53CA,1369
另,U+53E6,1370
咻,U+54BB,1371
响,U+54CD,1372
嘴,U+5634,1373
国,U+56FD,1374
块,U+5757,1375
套,U+5957,1376
宁,U+5B81,1377
宋,U+5B8B,1378
尾,U+5C3E,1379
忙,U+5FD9,1380
悲,U+60B2,1381
戒,U+6212,1382
板,U+677F,1383
燃,U+71C3,1384
瓦,U+74E6,1385
疑,U+7591,1386
祭,U+796D,1387
糟,U+7CDF,1388
考,U+8003,1389
聚,U+805A,1390
舒,U+8212,1391
蕉,U+8549,1392
论,U+8BBA,1393
证,U+8BC1,1394
谓,U+8C13,1395
邦,U+90A6,1396
万,U+4E07,1397
具,U+5177,1398
冷,U+51B7,1399
即,U+5373,1400
啧,U+5567,1401
啰,U+5570,1402
嫌,U+5ACC,1403
属,U+5C5E,1404
山,U+5C71,1405
担,U+62C5,1406
捨,U+6368,1407
掌,U+638C,1408
摔,U+6454,1409
旁,U+65C1,1410
档,U+6863,1411
毛,U+6BDB,1412
牛,U+725B,1413
瑞,U+745E,1414
甲,U+7532,1415
累,U+7D2F,1416
莎,U+838E,1417
薯,U+85AF,1418
遍,U+904D,1419
采,U+91C7,1420
零,U+96F6,1421
鼹,U+9F39,1422
余,U+4F59,1423
兹,U+5179,1424
凭,U+51ED,1425
划,U+5212,1426
剩,U+5269,1427
呃,U+5443,1428
咔,U+5494,1429
咚,U+549A,1430
咦,U+54A6,1431
奶,U+5976,1432
她,U+5979,1433
妻,U+59BB,1434
封,U+5C01,1435
局,U+5C40,1436
异,U+5F02,1437
或,U+6216,1438
抖,U+6296,1439
推,U+63A8,1440
杯,U+676F,1441
沉,U+6C89,1442
烧,U+70E7,1443
甜,U+751C,1444
略,U+7565,1445
病,U+75C5,1446
百,U+767E,1447
糕,U+7CD5,1448
缘,U+7F18,1449
至,U+81F3,1450
逊,U+900A,1451
骗,U+9A97,1452
骷,U+9AB7,1453
髅,U+9AC5,1454
丝,U+4E1D,1455
净,U+51C0,1456
劳,U+52B3,1457
圆,U+5706,1458
憧,U+61A7,1459
憬,U+61AC,1460
扫,U+626B,1461
撑,U+6491,1462
朗,U+6717,1463
楚,U+695A,1464
源,U+6E90,1465
碎,U+788E,1466
糖,U+7CD6,1467
蠢,U+8822,1468
词,U+8BCD,1469
货,U+8D27,1470
醒,U+9192,1471
鉴,U+9274,1472
闭,U+95ED,1473
产,U+4EA7,1474
京,U+4EAC,1475
但,U+4F46,1476
喊,U+558A,1477
域,U+57DF,1478
境,U+5883,1479
奏,U+594F,1480
寂,U+5BC2,1481
岛,U+5C9B,1482
材,U+6750,1483
横,U+6A2A,1484
治,U+6CBB,1485
狂,U+72C2,1486
砸,U+7838,1487
箭,U+7BAD,1488
观,U+89C2,1489
赚,U+8D5A,1490
轰,U+8F70,1491
镰,U+9570,1492
闹,U+95F9,1493
饿,U+997F,1494
黄,U+9EC4,1495
仇,U+4EC7,1496
叹,U+53F9,1497
哔,U+54D4,1498
坠,U+5760,1499
帽,U+5E3D,1500
序,U+5E8F,1501
恼,U+607C,1502
涂,U+6D82,1503
潮,U+6F6E,1504
珠,U+73E0,1505
耗,U+8017,1506
胡,U+80E1,1507
谅,U+8C05,1508
贺,U+8D3A,1509
闻,U+95FB,1510
阱,U+9631,1511
颤,U+98A4,1512
骨,U+9AA8,1513
减,U+51CF,1514
刻,U+523B,1515
剧,U+5267,1516
厄,U+5384,1517
嗒,U+55D2,1518
奖,U+5956,1519
希,U+5E0C,1520
广,U+5E7F,1521
惯,U+60EF,1522
摸,U+6478,1523
擦,U+64E6,1524
敢,U+6562,1525
晕,U+6655,1526
杜,U+675C,1527
棒,U+68D2,1528
歼,U+6B7C,1529
猜,U+731C,1530
笨,U+7B28,1531
策,U+7B56,1532
约,U+7EA6,1533
缠,U+7F20,1534
翻,U+7FFB,1535
规,U+89C4,1536
轮,U+8F6E,1537
镜,U+955C,1538
隆,U+9686,1539
隐,U+9690,1540
鲸,U+9CB8,1541
严,U+4E25,1542
付,U+4ED8,1543
借,U+501F,1544
噢,U+5662,1545
坐,U+5750,1546
增,U+589E,1547
宠,U+5BA0,1548
宿,U+5BBF,1549
念,U+5FF5,1550
惊,U+60CA,1551
扇,U+6247,1552
抹,U+62B9,1553
敲,U+6572,1554
料,U+6599,1555
旋,U+65CB,1556
晶,U+6676,1557
析,U+6790,1558
楼,U+697C,1559
混,U+6DF7,1560
溜,U+6E9C,1561
爪,U+722A,1562
端,U+7AEF,1563
翁,U+7FC1,1564
翅,U+7FC5,1565
蜜,U+871C,1566
蠕,U+8815,1567
赠,U+8D60,1568
蹦,U+8E66,1569
蹭,U+8E6D,1570
遗,U+9057,1571
雨,U+96E8,1572
雪,U+96EA,1573
举,U+4E3E,1574
众,U+4F17,1575
健,U+5065,1576
傅,U+5085,1577
六,U+516D,1578
刃,U+5203,1579
右,U+53F3,1580
吹,U+5439,1581
夸,U+5938,1582
夹,U+5939,1583
寞,U+5BDE,1584
店,U+5E97,1585
悔,U+6094,1586
挠,U+6320,1587
揍,U+63CD,1588
昼,U+663C,1589
柄,U+67C4,1590
案,U+6848,1591
池,U+6C60,1592
淡,U+6DE1,1593
版,U+7248,1594
献,U+732E,1595
磨,U+78E8,1596
稽,U+7A3D,1597
缺,U+7F3A,1598
联,U+8054,1599
般,U+822C,1600
蝇,U+8747,1601
踊,U+8E0A,1602
野,U+91CE,1603
阻,U+963B,1604
项,U+9879,1605
骰,U+9AB0,1606
黾,U+9EFE,1607
专,U+4E13,1608
伐,U+4F10,1609
依,U+4F9D,1610
充,U+5145,1611
养,U+517B,1612
冒,U+5192,1613
凑,U+51D1,1614
凯,U+51EF,1615
判,U+5224,1616
勒,U+52D2,1617
卵,U+5375,1618
卸,U+5378,1619
叽,U+53FD,1620
啥,U+5565,1621
喵,U+55B5,1622
嚯,U+56AF,1623
困,U+56F0,1624
展,U+5C55,1625
归,U+5F52,1626
惨,U+60E8,1627
慎,U+614E,1628
戴,U+6234,1629
扁,U+6241,1630
扮,U+626E,1631
抗,U+6297,1632
挡,U+6321,1633
握,U+63E1,1634
显,U+663E,1635
智,U+667A,1636
毁,U+6BC1,1637
淋,U+6DCB,1638
漏,U+6F0F,1639
盔,U+76D4,1640
短,U+77ED,1641
积,U+79EF,1642
稳,U+7A33,1643
耶,U+8036,1644
荒,U+8352,1645
蔫,U+852B,1646
补,U+8865,1647
谈,U+8C08,1648
赖,U+8D56,1649
车,U+8F66,1650
辈,U+8F88,1651
返,U+8FD4,1652
郎,U+90CE,1653
震,U+9707,1654
飘,U+98D8,1655
五,U+4E94,1656
仅,U+4EC5,1657
冯,U+51AF,1658
凶,U+51F6,1659
刷,U+5237,1660
句,U+53E5,1661
司,U+53F8,1662
咱,U+54B1,1663
咳,U+54B3,1664
固,U+56FA,1665
央,U+592E,1666
娜,U+5A1C,1667
尝,U+5C1D,1668
左,U+5DE6,1669
帕,U+5E15,1670
幸,U+5E78,1671
恨,U+6068,1672
恰,U+6070,1673
愚,U+611A,1674
房,U+623F,1675
揭,U+63ED,1676
易,U+6613,1677
曾,U+66FE,1678
村,U+6751,1679
杠,U+6760,1680
梯,U+68AF,1681
汪,U+6C6A,1682
洛,U+6D1B,1683
洞,U+6D1E,1684
浇,U+6D47,1685
浴,U+6D74,1686
炮,U+70AE,1687
琴,U+7434,1688
田,U+7530,1689
疲,U+75B2,1690
痒,U+75D2,1691
碗,U+7897,1692
秀,U+79C0,1693
竖,U+7AD6,1694
篇,U+7BC7,1695
簌,U+7C0C,1696
缝,U+7F1D,1697
腰,U+8170,1698
艘,U+8258,1699
虚,U+865A,1700
蛆,U+86C6,1701
蝙,U+8759,1702
蝠,U+8760,1703
询,U+8BE2,1704
谎,U+8C0E,1705
贼,U+8D3C,1706
距,U+8DDD,1707
踏,U+8E0F,1708
踩,U+8E29,1709
躲,U+8EB2,1710
醉,U+9189,1711
附,U+9644,1712
鲜,U+9C9C,1713
予,U+4E88,1714
互,U+4E92,1715
侍,U+4F8D,1716
侵,U+4FB5,1717
励,U+52B1,1718
区,U+533A,1719
厚,U+539A,1720
哑,U+54D1,1721
哒,U+54D2,1722
唐,U+5510,1723
嗡,U+55E1,1724
坚,U+575A,1725
埋,U+57CB,1726
奉,U+5949,1727
妆,U+5986,1728
寄,U+5BC4,1729
尿,U+5C3F,1730
屁,U+5C41,1731
录,U+5F55,1732
忌,U+5FCC,1733
怜,U+601C,1734
惹,U+60F9,1735
慌,U+614C,1736
抵,U+62B5,1737
敬,U+656C,1738
歪,U+6B6A,1739
洋,U+6D0B,1740
洗,U+6D17,1741
渐,U+6E10,1742
烂,U+70C2,1743
焰,U+7130,1744
爽,U+723D,1745
痰,U+75F0,1746
符,U+7B26,1747
筒,U+7B52,1748
紫,U+7D2B,1749
绷,U+7EF7,1750
肥,U+80A5,1751
胖,U+80D6,1752
药,U+836F,1753
蛇,U+86C7,1754
衣,U+8863,1755
裹,U+88F9,1756
讲,U+8BB2,1757
误,U+8BEF,1758
购,U+8D2D,1759
鉾,U+927E,1760
阳,U+9633,1761
阴,U+9634,1762
隔,U+9694,1763
鞭,U+97AD,1764
鯱,U+9BF1,1765
齿,U+9F7F,1766
仪,U+4EEA,1767
佩,U+4F69,1768
千,U+5343,1769
叭,U+53ED,1770
叮,U+53EE,1771
呛,U+545B,1772
嚓,U+5693,1773
垒,U+5792,1774
尖,U+5C16,1775
尤,U+5C24,1776
康,U+5EB7,1777
弯,U+5F2F,1778
忆,U+5FC6,1779
愈,U+6108,1780
扭,U+626D,1781
拖,U+62D6,1782
探,U+63A2,1783
掩,U+63A9,1784
摄,U+6444,1785
景,U+666F,1786
替,U+66FF,1787
染,U+67D3,1788
检,U+68C0,1789
樱,U+6A31,1790
民,U+6C11,1791
浸,U+6D78,1792
涉,U+6D89,1793
犯,U+72AF,1794
班,U+73ED,1795
瞧,U+77A7,1796
碌,U+788C,1797
碍,U+788D,1798
稀,U+7A00,1799
素,U+7D20,1800
纪,U+7EAA,1801
罪,U+7F6A,1802
船,U+8239,1803
虾,U+867E,1804
蛛,U+86DB,1805
蜘,U+8718,1806
覆,U+8986,1807
览,U+89C8,1808
详,U+8BE6,1809
豪,U+8C6A,1810
责,U+8D23,1811
跤,U+8DE4,1812
辣,U+8FA3,1813
适,U+9002,1814
遭,U+906D,1815
钟,U+949F,1816
钢,U+94A2,1817
陛,U+965B,1818
饮,U+996E,1819
饶,U+9976,1820
驱,U+9A71,1821
鸦,U+9E26,1822
偏,U+504F,1823
刮,U+522E,1824
北,U+5317,1825
咒,U+5492,1826
喇,U+5587,1827
喔,U+5594,1828
嘞,U+561E,1829
坑,U+5751,1830
坦,U+5766,1831
堂,U+5802,1832
壳,U+58F3,1833
妥,U+59A5,1834
妨,U+59A8,1835
室,U+5BA4,1836
尘,U+5C18,1837
崩,U+5D29,1838
恒,U+6052,1839
惜,U+60DC,1840
扩,U+6269,1841
択,U+629E,1842
押,U+62BC,1843
拯,U+62EF,1844
挂,U+6302,1845
振,U+632F,1846
捉,U+6349,1847
授,U+6388,1848
搅,U+6405,1849
撕,U+6495,1850
昏,U+660F,1851
暂,U+6682,1852
枢,U+67A2,1853
欺,U+6B3A,1854
歇,U+6B47,1855
残,U+6B8B,1856
毕,U+6BD5,1857
気,U+6C17,1858
泉,U+6CC9,1859
洒,U+6D12,1860
灌,U+704C,1861
猴,U+7334,1862
疗,U+7597,1863
瘪,U+762A,1864
登,U+767B,1865
盾,U+76FE,1866
砍,U+780D,1867
祝,U+795D,1868
窝,U+7A9D,1869
筏,U+7B4F,1870
签,U+7B7E,1871
网,U+7F51,1872
背,U+80CC,1873
胸,U+80F8,1874
脏,U+810F,1875
腹,U+8179,1876
腿,U+817F,1877
舌,U+820C,1878
范,U+8303,1879
茸,U+8338,1880
荡,U+8361,1881
萝,U+841D,1882
蛙,U+86D9,1883
螺,U+87BA,1884
谱,U+8C31,1885
豹,U+8C79,1886
贵,U+8D35,1887
辞,U+8F9E,1888
违,U+8FDD,1889
遥,U+9065,1890
际,U+9645,1891
霍,U+970D,1892
顾,U+987E,1893
驾,U+9A7E,1894
丑,U+4E11,1895
亏,U+4E8F,1896
井,U+4E95,1897
享,U+4EAB,1898
仿,U+4EFF,1899
傲,U+50B2,1900
典,U+5178,1901
则,U+5219,1902
勉,U+52C9,1903
叉,U+53C9,1904
吊,U+540A,1905
否,U+5426,1906
咿,U+54BF,1907
哆,U+54C6,1908
哩,U+54E9,1909
唯,U+552F,1910
喱,U+55B1,1911
嗬,U+55EC,1912
嘣,U+5623,1913
娘,U+5A18,1914
寒,U+5BD2,1915
帝,U+5E1D,1916
庆,U+5E86,1917
愉,U+6109,1918
懒,U+61D2,1919
扰,U+6270,1920
披,U+62AB,1921
拒,U+62D2,1922
拧,U+62E7,1923
捡,U+6361,1924
控,U+63A7,1925
掷,U+63B7,1926
摩,U+6469,1927
擎,U+64CE,1928
桃,U+6843,1929
棉,U+68C9,1930
様,U+69D8,1931
歹,U+6B79,1932
況,U+6CC1,1933
泄,U+6CC4,1934
泳,U+6CF3,1935
渣,U+6E23,1936
澡,U+6FA1,1937
烫,U+70EB,1938
爬,U+722C,1939
牲,U+7272,1940
牺,U+727A,1941
犹,U+72B9,1942
率,U+7387,1943
琳,U+7433,1944
甘,U+7518,1945
甩,U+7529,1946
眉,U+7709,1947
矩,U+77E9,1948
祸,U+7978,1949
私,U+79C1,1950
穴,U+7A74,1951
笛,U+7B1B,1952
答,U+7B54,1953
纳,U+7EB3,1954
缩,U+7F29,1955
群,U+7FA4,1956
翼,U+7FFC,1957
肩,U+80A9,1958
脆,U+8106,1959
腐,U+8150,1960
腾,U+817E,1961
致,U+81F4,1962
舍,U+820D,1963
舱,U+8231,1964
虑,U+8651,1965
蜂,U+8702,1966
融,U+878D,1967
裤,U+88E4,1968
豫,U+8C6B,1969
贯,U+8D2F,1970
迹,U+8FF9,1971
锻,U+953B,1972
镖,U+9556,1973
闯,U+95EF,1974
颊,U+988A,1975
饰,U+9970,1976
馅,U+9985,1977
鲔,U+9C94,1978
鲣,U+9CA3,1979
鳞,U+9CDE,1980
丧,U+4E27,1981
乡,U+4E61,1982
亡,U+4EA1,1983
仆,U+4EC6,1984
伏,U+4F0F,1985
伟,U+4F1F,1986
佣,U+4F63,1987
佳,U+4F73,1988
免,U+514D,1989
叛,U+53DB,1990
含,U+542B,1991
呸,U+5478,1992
哀,U+54C0,1993
哨,U+54E8,1994
嗷,U+55F7,1995
噩,U+5669,1996
囔,U+56D4,1997
垮,U+57AE,1998
城,U+57CE,1999
奋,U+594B,2000
姨,U+59E8,2001
姫,U+59EB,2002
宜,U+5B9C,2003
审,U+5BA1,2004
幕,U+5E55,2005
床,U+5E8A,2006
废,U+5E9F,2007
延,U+5EF6,2008
彼,U+5F7C,2009
徊,U+5F8A,2010
徒,U+5F92,2011
徘,U+5F98,2012
怨,U+6028,2013
憎,U+618E,2014
憾,U+61BE,2015
拟,U+62DF,2016
拾,U+62FE,2017
捏,U+634F,2018
捞,U+635E,2019
搜,U+641C,2020
斩,U+65A9,2021
昔,U+6614,2022
梗,U+6897,2023
棍,U+68CD,2024
槌,U+69CC,2025
汗,U+6C57,2026
汝,U+6C5D,2027
泪,U+6CEA,2028
津,U+6D25,2029
涨,U+6DA8,2030
溅,U+6E85,2031
溢,U+6EA2,2032
溺,U+6EBA,2033
滋,U+6ECB,2034
炫,U+70AB,2035
珍,U+73CD,2036
疯,U+75AF,2037
盛,U+76DB,2038
码,U+7801,2039
社,U+793E,2040
窒,U+7A92,2041
簧,U+7C27,2042
织,U+7EC7,2043
罚,U+7F5A,2044
罢,U+7F62,2045
育,U+80B2,2046
胳,U+80F3,2047
臣,U+81E3,2048
荐,U+8350,2049
蒿,U+84BF,2050
螂,U+8782,2051
蟑,U+87D1,2052
诅,U+8BC5,2053
谋,U+8C0B,2054
貌,U+8C8C,2055
跃,U+8DC3,2056
跨,U+8DE8,2057
辑,U+8F91,2058
逛,U+901B,2059
逼,U+903C,2060
邀,U+9080,2061
酷,U+9177,2062
钦,U+94A6,2063
键,U+952E,2064
锯,U+952F,2065
额,U+989D,2066
驶,U+9A76,2067
骂,U+9A82,2068
魅,U+9B45,2069
乖,U+4E56,2070
介,U+4ECB,2071
仰,U+4EF0,2072
企,U+4F01,2073
例,U+4F8B,2074
俯,U+4FEF,2075
兼,U+517C,2076
凝,U+51DD,2077
刊,U+520A,2078
剃,U+5243,2079
剥,U+5265,2080
剪,U+526A,2081
割,U+5272,2082
厅,U+5385,2083
叠,U+53E0,2084
咸,U+54B8,2085
哧,U+54E7,2086
啤,U+5564,2087
啵,U+5575,2088
嗓,U+55D3,2089
嗝,U+55DD,2090
嗦,U+55E6,2091
嗨,U+55E8,2092
噌,U+564C,2093
园,U+56ED,2094
圈,U+5708,2095
塑,U+5851,2096
寓,U+5BD3,2097
屎,U+5C4E,2098
岂,U+5C82,2099
岔,U+5C94,2100
峰,U+5CF0,2101
市,U+5E02,2102
幅,U+5E45,2103
廉,U+5EC9,2104
弓,U+5F13,2105
弦,U+5F26,2106
彗,U+5F57,2107
彻,U+5F7B,2108
忠,U+5FE0,2109
忽,U+5FFD,2110
恕,U+6055,2111
悦,U+60A6,2112
惧,U+60E7,2113
愤,U+6124,2114
慧,U+6167,2115
戳,U+6233,2116
户,U+6237,2117
抛,U+629B,2118
拓,U+62D3,2119
挖,U+6316,2120
挤,U+6324,2121
揉,U+63C9,2122
携,U+643A,2123
晓,U+6653,2124
构,U+6784,2125
枯,U+67AF,2126
栏,U+680F,2127
树,U+6811,2128
栗,U+6817,2129
桩,U+6869,2130
棺,U+68FA,2131
橘,U+6A58,2132
款,U+6B3E,2133
殖,U+6B96,2134
氛,U+6C1B,2135
汇,U+6C47,2136
沟,U+6C9F,2137
沿,U+6CBF,2138
泌,U+6CCC,2139
浆,U+6D46,2140
浩,U+6D69,2141
滞,U+6EDE,2142
灰,U+7070,2143
炒,U+7092,2144
焉,U+7109,2145
狼,U+72FC,2146
疏,U+758F,2147
癖,U+7656,2148
盗,U+76D7,2149
盹,U+76F9,2150
省,U+7701,2151
禁,U+7981,2152
秒,U+79D2,2153
窥,U+7AA5,2154
筑,U+7B51,2155
纹,U+7EB9,2156
绞,U+7EDE,2157
缎,U+7F0E,2158
羊,U+7F8A,2159
耍,U+800D,2160
耳,U+8033,2161
肖,U+8096,2162
胞,U+80DE,2163
腕,U+8155,2164
艺,U+827A,2165
芋,U+828B,2166
菲,U+83F2,2167
蕾,U+857E,2168
蛮,U+86EE,2169
蝾,U+877E,2170
裁,U+88C1,2171
裸,U+88F8,2172
誓,U+8A93,2173
诱,U+8BF1,2174
财,U+8D22,2175
质,U+8D28,2176
贪,U+8D2A,2177
趟,U+8D9F,2178
趴,U+8DB4,2179
跪,U+8DEA,2180
蹑,U+8E51,2181
载,U+8F7D,2182
迟,U+8FDF,2183
迸,U+8FF8,2184
逅,U+9005,2185
避,U+907F,2186
邂,U+9082,2187
邮,U+90AE,2188
酸,U+9178,2189
陪,U+966A,2190
鞋,U+978B,2191
顶,U+9876,2192
颠,U+98A0,2193
饼,U+997C,2194
馒,U+9992,2195
鲍,U+9C8D,2196
鲑,U+9C91,2197
鳗,U+9CD7,2198
丸,U+4E38,2199
九,U+4E5D,2200
云,U+4E91,2201
伫,U+4F2B,2202
佛,U+4F5B,2203
侄,U+4F84,2204
侦,U+4FA6,2205
刨,U+5228,2206
午,U+5348,2207
卑,U+5351,2208
叩,U+53E9,2209
吟,U+541F,2210
咽,U+54BD,2211
售,U+552E,2212
啸,U+5578,2213
善,U+5584,2214
喉,U+5589,2215
嘭,U+562D,2216
噫,U+566B,2217
囊,U+56CA,2218
団,U+56E3,2219
圾,U+573E,2220
坞,U+575E,2221
垃,U+5783,2222
垢,U+57A2,2223
垫,U+57AB,2224
埃,U+57C3,2225
培,U+57F9,2226
塌,U+584C,2227
墨,U+58A8,2228
壮,U+58EE,2229
奔,U+5954,2230
妒,U+5992,2231
姑,U+59D1,2232
嫉,U+5AC9,2233
孵,U+5B75,2234
尚,U+5C1A,2235
岩,U+5CA9,2236
巅,U+5DC5,2237
川,U+5DDD,2238
庞,U+5E9E,2239
廊,U+5ECA,2240
弊,U+5F0A,2241
征,U+5F81,2242
律,U+5F8B,2243
惩,U+60E9,2244
扛,U+625B,2245
拆,U+62C6,2246
拌,U+62CC,2247
挪,U+632A,2248
挽,U+633D,2249
掳,U+63B3,2250
揺,U+63FA,2251
摘,U+6458,2252
政,U+653F,2253
旺,U+65FA,2254
昂,U+6602,2255
杂,U+6742,2256
杖,U+6756,2257
柯,U+67EF,2258
棘,U+68D8,2259
椅,U+6905,2260
榴,U+69B4,2261
橙,U+6A59,2262
欣,U+6B23,2263
殊,U+6B8A,2264
沃,U+6C83,2265
浓,U+6D53,2266
浮,U+6D6E,2267
涅,U+6D85,2268
润,U+6DA6,2269
淇,U+6DC7,2270
添,U+6DFB,2271
渴,U+6E34,2272
溃,U+6E83,2273
漠,U+6F20,2274
炎,U+708E,2275
烤,U+70E4,2276
狙,U+72D9,2277
玻,U+73BB,2278
璃,U+7483,2279
皂,U+7682,2280
盆,U+76C6,2281
盘,U+76D8,2282
瞪,U+77AA,2283
矗,U+77D7,2284
砰,U+7830,2285
碾,U+78BE,2286
祓,U+7953,2287
秃,U+79C3,2288
竹,U+7AF9,2289
笔,U+7B14,2290
笼,U+7B3C,2291
筋,U+7B4B,2292
筝,U+7B5D,2293
箍,U+7B8D,2294
粘,U+7C98,2295
纯,U+7EAF,2296
纵,U+7EB5,2297
绅,U+7EC5,2298
绕,U+7ED5,2299
综,U+7EFC,2300
罐,U+7F50,2301
羽,U+7FBD,2302
聘,U+8058,2303
肃,U+8083,2304
肢,U+80A2,2305
肤,U+80A4,2306
胁,U+80C1,2307
腋,U+814B,2308
腔,U+8154,2309
膀,U+8180,2310
良,U+826F,2311
艳,U+8273,2312
芥,U+82A5,2313
茎,U+830E,2314
茫,U+832B,2315
营,U+8425,2316
蓄,U+84C4,2317
蝶,U+8776,2318
螈,U+8788,2319
衅,U+8845,2320
街,U+8857,2321
衰,U+8870,2322
袱,U+88B1,2323
触,U+89E6,2324
诲,U+8BF2,2325
谊,U+8C0A,2326
谐,U+8C10,2327
谨,U+8C28,2328
账,U+8D26,2329
资,U+8D44,2330
赞,U+8D5E,2331
赴,U+8D74,2332
趁,U+8D81,2333
跆,U+8DC6,2334
踪,U+8E2A,2335
踵,U+8E35,2336
蹄,U+8E44,2337
躁,U+8E81,2338
躬,U+8EAC,2339
逢,U+9022,2340
邻,U+90BB,2341
酬,U+916C,2342
钓,U+9493,2343
钙,U+9499,2344
钮,U+94AE,2345
链,U+94FE,2346
锦,U+9526,2347
長,U+9577,2348
隊,U+968A,2349
青,U+9752,2350
革,U+9769,2351
鞠,U+97A0,2352
骚,U+9A9A,2353
髦,U+9AE6,2354
鳅,U+9CC5,2355
鳍,U+9CCD,2356
鹅,U+9E45,2357
麦,U+9EA6,2358
默,U+9ED8,2359
丼,U+4E3C,2360
亿,U+4EBF,2361
仍,U+4ECD,2362
伍,U+4F0D,2363
伎,U+4F0E,2364
伽,U+4F3D,2365
供,U+4F9B,2366
侬,U+4FAC,2367
促,U+4FC3,2368
俏,U+4FCF,2369
俗,U+4FD7,2370
偿,U+507F,2371
催,U+50AC,2372
兆,U+5146,2373
共,U+5171,2374
冈,U+5188,2375
冠,U+51A0,2376
凳,U+51F3,2377
削,U+524A,2378
劣,U+52A3,2379
匹,U+5339,2380
厕,U+5395,2381
吽,U+543D,2382
咙,U+5499,2383
咧,U+54A7,2384
哝,U+54DD,2385
喀,U+5580,2386
喏,U+558F,2387
嘀,U+5600,2388
嘘,U+5618,2389
噼,U+567C,2390
嚣,U+56A3,2391
囱,U+56F1,2392
址,U+5740,2393
均,U+5747,2394
坛,U+575B,2395
垂,U+5782,2396
堆,U+5806,2397
場,U+5834,2398
堵,U+5835,2399
増,U+5897,2400
壊,U+58CA,2401
壶,U+58F6,2402
変,U+5909,2403
奸,U+5978,2404
妃,U+5983,2405
委,U+59D4,2406
娇,U+5A07,2407
娶,U+5A36,2408
婴,U+5A74,2409
婿,U+5A7F,2410
嫩,U+5AE9,2411
孤,U+5B64,2412
宗,U+5B97,2413
官,U+5B98,2414
宴,U+5BB4,2415
宵,U+5BB5,2416
宽,U+5BBD,2417
富,U+5BCC,2418
寐,U+5BD0,2419
寸,U+5BF8,2420
屈,U+5C48,2421
帘,U+5E18,2422
帜,U+5E1C,2423
建,U+5EFA,2424
循,U+5FAA,2425
怅,U+6005,2426
恳,U+6073,2427
悉,U+6089,2428
悩,U+60A9,2429
惆,U+60C6,2430
愁,U+6101,2431
愣,U+6123,2432
慈,U+6148,2433
慕,U+6155,2434
慰,U+6170,2435
执,U+6267,2436
折,U+6298,2437
抜,U+629C,2438
抠,U+62A0,2439
抬,U+62AC,2440
拐,U+62D0,2441
拣,U+62E3,2442
挚,U+631A,2443
挣,U+6323,2444
掀,U+6380,2445
掐,U+6390,2446
掘,U+6398,2447
描,U+63CF,2448
搬,U+642C,2449
摊,U+644A,2450
攒,U+6512,2451
敏,U+654F,2452
旧,U+65E7,2453
晒,U+6652,2454
暖,U+6696,2455
朵,U+6735,2456
朽,U+673D,2457
杉,U+6749,2458
枫,U+67AB,2459
柿,U+67FF,2460
株,U+682A,2461
栽,U+683D,2462
框,U+6846,2463
桥,U+6865,2464
梭,U+68AD,2465
棋,U+68CB,2466
椒,U+6912,2467
椙,U+6919,2468
槟,U+69DF,2469
欠,U+6B20,2470
汹,U+6C79,2471
汽,U+6C7D,2472
沾,U+6CBE,2473
泣,U+6CE3,2474
泥,U+6CE5,2475
洪,U+6D2A,2476
涮,U+6DAE,2477
涵,U+6DB5,2478
淌,U+6DCC,2479
淤,U+6DE4,2480
渗,U+6E17,2481
澄,U+6F84,2482
炉,U+7089,2483
熔,U+7194,2484
牢,U+7262,2485
牵,U+7275,2486
狭,U+72ED,2487
狮,U+72EE,2488
猎,U+730E,2489
玫,U+73AB,2490
珀,U+73C0,2491
瑰,U+7470,2492
疙,U+7599,2493
瘦,U+7626,2494
瘩,U+7629,2495
瘴,U+7634,2496
皇,U+7687,2497
盐,U+76D0,2498
监,U+76D1,2499
盼,U+76FC,2500
瞒,U+7792,2501
矜,U+77DC,2502
硫,U+786B,2503
碳,U+78B3,2504
祈,U+7948,2505
票,U+7968,2506
穗,U+7A57,2507
窍,U+7A8D,2508
籽,U+7C7D,2509
粒,U+7C92,2510
編,U+7DE8,2511
纽,U+7EBD,2512
绊,U+7ECA,2513
绍,U+7ECD,2514
绑,U+7ED1,2515
绪,U+7EEA,2516
绳,U+7EF3,2517
缓,U+7F13,2518
罩,U+7F69,2519
翔,U+7FD4,2520
翩,U+7FE9,2521
耸,U+8038,2522
肽,U+80BD,2523
肾,U+80BE,2524
肿,U+80BF,2525
脉,U+8109,2526
腺,U+817A,2527
膊,U+818A,2528
膏,U+818F,2529
膜,U+819C,2530
芝,U+829D,2531
芽,U+82BD,2532
苍,U+82CD,2533
苔,U+82D4,2534
荆,U+8346,2535
荷,U+8377,2536
莓,U+8393,2537
莽,U+83BD,2538
菌,U+83CC,2539
菠,U+83E0,2540
葬,U+846C,2541
葱,U+8471,2542
蔷,U+8537,2543
薄,U+8584,2544
薇,U+8587,2545
藤,U+85E4,2546
蚓,U+8693,2547
蚯,U+86AF,2548
蜇,U+8707,2549
蝴,U+8774,2550
螃,U+8783,2551
蟹,U+87F9,2552
裕,U+88D5,2553
训,U+8BAD,2554
讯,U+8BAF,2555
访,U+8BBF,2556
评,U+8BC4,2557
诊,U+8BCA,2558
谣,U+8C23,2559
谭,U+8C2D,2560
谷,U+8C37,2561
赐,U+8D50,2562
践,U+8DF5,2563
蹬,U+8E6C,2564
辙,U+8F99,2565
辟,U+8F9F,2566
迁,U+8FC1,2567
迅,U+8FC5,2568
迫,U+8FEB,2569
述,U+8FF0,2570
逆,U+9006,2571
逐,U+9010,2572
逝,U+901D,2573
钝,U+949D,2574
钧,U+94A7,2575
铅,U+94C5,2576
铎,U+94CE,2577
铭,U+94ED,2578
锏,U+950F,2579
锣,U+9523,2580
間,U+9593,2581
闷,U+95F7,2582
隙,U+9699,2583
障,U+969C,2584
顽,U+987D,2585
颂,U+9882,2586
频,U+9891,2587
饱,U+9971,2588
饷,U+9977,2589
驭,U+9A6D,2590
驼,U+9A7C,2591
骄,U+9A84,2592
魄,U+9B44,2593
鲭,U+9CAD,2594
鲷,U+9CB7,2595
鸭,U+9E2D,2596
鸽,U+9E3D,2597
鹫,U+9E6B,2598
丛,U+4E1B,2599
串,U+4E32,2600
乒,U+4E52,2601
亦,U+4EA6,2602
仙,U+4ED9,2603
仲,U+4EF2,2604
伪,U+4F2A,2605
伶,U+4F36,2606
侠,U+4FA0,2607
侥,U+4FA5,2608
侧,U+4FA7,2609
俱,U+4FF1,2610
倦,U+5026,2611
债,U+503A,2612
偎,U+504E,2613
兜,U+515C,2614
册,U+518C,2615
冢,U+51A2,2616
凹,U+51F9,2617
刑,U+5211,2618
刘,U+5218,2619
剂,U+5242,2620
剔,U+5254,2621
剖,U+5256,2622
動,U+52D5,2623
勤,U+52E4,2624
勺,U+52FA,2625
勿,U+52FF,2626
卓,U+5353,2627
協,U+5354,2628
厂,U+5382,2629
厘,U+5398,2630
厢,U+53A2,2631
厦,U+53A6,2632
厨,U+53A8,2633
吨,U+5428,2634
吩,U+5429,2635
吭,U+542D,2636
呗,U+5457,2637
呻,U+547B,2638
咏,U+548F,2639
咐,U+5490,2640
咪,U+54AA,2641
哗,U+54D7,2642
哞,U+54DE,2643
唬,U+552C,2644
喚,U+559A,2645
喹,U+55B9,2646
喻,U+55BB,2647
嗖,U+55D6,2648
嘁,U+5601,2649
嘉,U+5609,2650
嘶,U+5636,2651
噔,U+5654,2652
嚏,U+568F,2653
嚷,U+56B7,2654
嚼,U+56BC,2655
坍,U+574D,2656
坡,U+5761,2657
坨,U+5768,2658
坪,U+576A,2659
埴,U+57F4,2660
堀,U+5800,2661
堕,U+5815,2662
堡,U+5821,2663
報,U+5831,2664
填,U+586B,2665
墅,U+5885,2666
墟,U+589F,2667
墩,U+58A9,2668
壁,U+58C1,2669
夷,U+5937,2670
奢,U+5962,2671
奴,U+5974,2672
妮,U+59AE,2673
姜,U+59DC,2674
娱,U+5A31,2675
婪,U+5A6A,2676
媚,U+5A9A,2677
媛,U+5A9B,2678
季,U+5B63,2679
孽,U+5B7D,2680
宅,U+5B85,2681
宏,U+5B8F,2682
宕,U+5B95,2683
宛,U+5B9B,2684
宣,U+5BA3,2685
宰,U+5BB0,2686
尊,U+5C0A,2687
屏,U+5C4F,2688
岸,U+5CB8,2689
崭,U+5D2D,2690
巢,U+5DE2,2691
帖,U+5E16,2692
幼,U+5E7C,2693
府,U+5E9C,2694
庭,U+5EAD,2695
弧,U+5F27,2696
強,U+5F37,2697
径,U+5F84,2698
忧,U+5FE7,2699
怵,U+6035,2700
恍,U+604D,2701
患,U+60A3,2702
惚,U+60DA,2703
惦,U+60E6,2704
惫,U+60EB,2705
憋,U+618B,2706
戚,U+621A,2707
戟,U+621F,2708
戦,U+6226,2709
截,U+622A,2710
扳,U+6273,2711
抄,U+6284,2712
抑,U+6291,2713
抚,U+629A,2714
拎,U+62CE,2715
拗,U+62D7,2716
拦,U+62E6,2717
拨,U+62E8,2718
捂,U+6342,2719
捧,U+6367,2720
措,U+63AA,2721
掺,U+63BA,2722
揪,U+63EA,2723
撩,U+64A9,2724
擒,U+64D2,2725
敗,U+6557,2726
敵,U+6575,2727
斜,U+659C,2728
斧,U+65A7,2729
旱,U+65F1,2730
昨,U+6628,2731
昵,U+6635,2732
時,U+6642,2733
晋,U+664B,2734
权,U+6743,2735
枕,U+6795,2736
林,U+6797,2737
枝,U+679D,2738
柜,U+67DC,2739
柳,U+67F3,2740
校,U+6821,2741
桌,U+684C,2742
梁,U+6881,2743
棱,U+68F1,2744
椰,U+6930,2745
檐,U+6A90,2746
殃,U+6B83,2747
殆,U+6B86,2748
殴,U+6BB4,2749
毯,U+6BEF,2750
氧,U+6C27,2751
氨,U+6C28,2752
江,U+6C5F,2753
污,U+6C61,2754
沌,U+6C8C,2755
沸,U+6CB8,2756
沼,U+6CBC,2757
泽,U+6CFD,2758
洁,U+6D01,2759
洲,U+6D32,2760
浅,U+6D45,2761
淘,U+6DD8,2762
渊,U+6E0A,2763
渚,U+6E1A,2764
渡,U+6E21,2765
測,U+6E2C,2766
渺,U+6E3A,2767
湖,U+6E56,2768
溪,U+6EAA,2769
滓,U+6ED3,2770
漱,U+6F31,2771
烁,U+70C1,2772
焦,U+7126,2773
煞,U+715E,2774
煤,U+7164,2775
煽,U+717D,2776
熊,U+718A,2777
熏,U+718F,2778
熬,U+71AC,2779
熵,U+71B5,2780
燕,U+71D5,2781
燥,U+71E5,2782
犰,U+72B0,2783
犸,U+72B8,2784
狳,U+72F3,2785
狸,U+72F8,2786
玄,U+7384,2787
琪,U+742A,2788
瓢,U+74E2,2789
瓣,U+74E3,2790
甚,U+751A,2791
甸,U+7538,2792
畏,U+754F,2793
畔,U+7554,2794
痴,U+75F4,2795
痹,U+75F9,2796
瘫,U+762B,2797
皆,U+7686,2798
盂,U+76C2,2799
盈,U+76C8,2800
盲,U+76F2,2801
眨,U+7728,2802
睁,U+7741,2803
督,U+7763,2804
睫,U+776B,2805
瞟,U+779F,2806
磺,U+78FA,2807
祥,U+7965,2808
祷,U+7977,2809
税,U+7A0E,2810
穷,U+7A77,2811
窗,U+7A97,2812
笹,U+7B39,2813
筷,U+7B77,2814
篷,U+7BF7,2815
粪,U+7CAA,2816
纱,U+7EB1,2817
纷,U+7EB7,2818
纺,U+7EBA,2819
绒,U+7ED2,2820
络,U+7EDC,2821
绽,U+7EFD,2822
缕,U+7F15,2823
缸,U+7F38,2824
罕,U+7F55,2825
羞,U+7F9E,2826
羡,U+7FA1,2827
耻,U+803B,2828
職,U+8077,2829
肋,U+808B,2830
肝,U+809D,2831
肪,U+80AA,2832
胀,U+80C0,2833
胃,U+80C3,2834
胯,U+80EF,2835
胶,U+80F6,2836
脂,U+8102,2837
脊,U+810A,2838
脐,U+8110,2839
脯,U+812F,2840
腥,U+8165,2841
腮,U+816E,2842
膈,U+8188,2843
膝,U+819D,2844
膨,U+81A8,2845
臂,U+81C2,2846
航,U+822A,2847
艰,U+8270,2848
芭,U+82AD,2849
苣,U+82E3,2850
苹,U+82F9,2851
荚,U+835A,2852
荞,U+835E,2853
荣,U+8363,2854
荪,U+836A,2855
莲,U+83B2,2856
菊,U+83CA,2857
萎,U+840E,2858
著,U+8457,2859
蔓,U+8513,2860
蔗,U+8517,2861
蔬,U+852C,2862
蔽,U+853D,2863
薰,U+85B0,2864
蘸,U+8638,2865
蚀,U+8680,2866
蜥,U+8725,2867
蜴,U+8734,2868
衔,U+8854,2869
裆,U+88C6,2870
裙,U+88D9,2871
褪,U+892A,2872
見,U+898B,2873
誉,U+8A89,2874
诀,U+8BC0,2875
诃,U+8BC3,2876
诗,U+8BD7,2877
诚,U+8BDA,2878
谍,U+8C0D,2879
谚,U+8C1A,2880
豁,U+8C41,2881
贞,U+8D1E,2882
贤,U+8D24,2883
贫,U+8D2B,2884
贷,U+8D37,2885
贿,U+8D3F,2886
赂,U+8D42,2887
赋,U+8D4B,2888
赝,U+8D5D,2889
踌,U+8E0C,2890
蹈,U+8E48,2891
躇,U+8E87,2892
轴,U+8F74,2893
辰,U+8FB0,2894
迈,U+8FC8,2895
逗,U+9017,2896
逞,U+901E,2897
進,U+9032,2898
遣,U+9063,2899
選,U+9078,2900
郁,U+90C1,2901
鄙,U+9119,2902
酣,U+9163,2903
酪,U+916A,2904
酿,U+917F,2905
醋,U+918B,2906
钉,U+9489,2907
铂,U+94C2,2908
铠,U+94E0,2909
银,U+94F6,2910
铺,U+94FA,2911
销,U+9500,2912
锄,U+9504,2913
锐,U+9510,2914
锗,U+9517,2915
锵,U+9535,2916
镇,U+9547,2917
闘,U+95D8,2918
阎,U+960E,2919
阪,U+962A,2920
陋,U+964B,2921
隶,U+96B6,2922
雍,U+96CD,2923
霞,U+971E,2924
霸,U+9738,2925
韧,U+97E7,2926
韭,U+97ED,2927
颈,U+9888,2928
颜,U+989C,2929
飓,U+98D3,2930
飙,U+98D9,2931
饲,U+9972,2932
饴,U+9974,2933
饵,U+9975,2934
饺,U+997A,2935
驯,U+9A6F,2936
骆,U+9A86,2937
鬃,U+9B03,2938
鱿,U+9C7F,2939
鲽,U+9CBD,2940
鳄,U+9CC4,2941
鸯,U+9E2F,2942
鸳,U+9E33,2943
鹌,U+9E4C,2944
鹑,U+9E51,2945
鹰,U+9E70,2946
鹿,U+9E7F,2947
鼬,U+9F2C,2948
龄,U+9F84,2949
龇,U+9F87,2950
龟,U+9F9F,2951
