char,hex,count,id,snippet
丛,U+4E1B,1,menu_dic_316#6,兴趣特技：天丛云
串,U+4E32,1,menu_dic_eg_le_koro#0,来自浪漫沙加的客串出演！小小的亲！
乒,U+4E52,1,eg_we_drpp_vo3,龙宝宝：乒呀啊啊——！
亦,U+4EA6,1,ev_gho_prepre06#0,梅尔克里：虽不中亦不远哪！
仙,U+4ED9,1,menu_dic_242#4,仙人掌！
仲,U+4EF2,1,eg_le_ngen_vo3,人类：这家伙仲好一郎。。。
伪,U+4F2A,1,d_egg_ev04_03#1,伪装成对王的爱！
伶,U+4F36,1,menu_dic_eg_pk_prim#0,占将着首席女伶、日以努力的蛋怪！
侠,U+4FA0,1,eg_du_tmse_w1#1,全装看不见侠。
侥,U+4FA5,1,ev_gho_int_c07#1,侥幸4呢！
侧,U+4FA7,1,eg_ms_omed_d,恭喜鸟：饼皮侧面裂了。
俱,U+4FF1,1,ev_colosseum63b#1,先生，两败俱伤——。
倦,U+5026,1,eg_du_syam_d,沙米尔星人：手不知疲倦！
债,U+503A,1,d_tue_0001#0,卡姆拉纳特：必须把欠下的债还清！
偎,U+504E,1,ev_march11#1,的狭小船舱里两人依偎！
兜,U+515C,1,ev_fri_st32#1,把最终幻想X-3里瓦卡的兜裆布
册,U+518C,1,menu_dic_347#6,兴趣特技：编成手册
冢,U+51A2,1,eg_du_frkn_debug#2,平冢语音
凹,U+51F9,1,eg_le_levi_d,亚冲浪手：大力的板上有了凹陷。。
刑,U+5211,1,eg_ms_eggb_vo1#1,现在就在此处处刑啾。
刘,U+5218,1,menu_dic_eg_cv_atom#2,服装、齐刘海和巨大的蝴蝶结，是状道
剂,U+5242,1,ev_solo_egg15#2,因为在减肥，氨基酸补充剂也要呢呀
剔,U+5254,1,ev_gen_no540#3,秀基：简单说，为了剔除游戏里的 bug
剖,U+5256,1,eg_bo_fuyu_vo3_3#0,：特辑的【烂恋心理彻底解剖】呀
勤,U+52E4,1,menu_dic_51#7,后勤部队不行吗？
勺,U+52FA,1,eg_du_ramu_at2,持讨的勺
勿,U+52FF,1,ev_ear_st50#2,勿抵抗。全员，向军人战斗配
卓,U+5353,1,d_egg_ev05_03#1,正如拥有卓越知性之人
厂,U+5382,1,ev_march24#0,·伊努：哈？这种没听过的厂家的
厘,U+5398,1,ev_solo_atashi36#2,巴厘岛游1500波奇利
厢,U+53A2,1,ev_june3,莉·伊努：这种地方还有包厢？
厦,U+53A6,1,menu_dic_eg_du_sand#1,尤其，半熟因特大厦的出没特别快！
厨,U+53A8,1,ev_solo_atashi17#0,伊奈：来呀，我地下的公主厨房
吨,U+5428,1,eg_pw_roll_at2,兆吨压制
吩,U+5429,1,dg_common_tekken64#2,应该说，是被吩咐这么说的！
吭,U+542D,1,eg_cv_mkai_ms22,夫妇：巨大的冲击星一声不吭！
呗,U+5457,1,ev_february11#1,伊奈做了就拿她的呗？
呻,U+547B,1,d_dung_0509#2,听见那边在呻吟！
咏,U+548F,1,ev_gho_int_c15#1,靠反复吟咏才能感到冲击
咐,U+5490,1,dg_common_tekken64#2,应该说，是被吩咐这么说的！
咪,U+54AA,1,eg_pk_musu_ms11,捕获他组：捕获他组在巴咪的地方降了起来。
哗,U+54D7,1,okunote_yoiko_tk#0,咔。啪唧。砰。咯嘣咯嘣。哗。
哞,U+54DE,1,eg_pk_milk_vo3#1,哞。到客界了哦。。
唬,U+552C,1,eg_we_kinu_at2,吓唬
喹,U+55B9,1,eg_pw_116_vo32#0,豚悟空：沙悟净喹————。。
喻,U+55BB,1,d_dung_0142#0,呀——！来势汹汹的珠部隐喻呢！
嗖,U+55D6,1,menu_dic_eg_du_dopl#1,然后嗖地被自己吞掉了！
嘁,U+5601,1,eg_pk_meds_l,美杜莎：嘁。给我记住。。
嘉,U+5609,1,ev_c_call23#0,蒂安：继曲子之后，可疑的嘉宾出演。
嘶,U+5636,1,eg_du_zibu_at1,嘶。
噔,U+5654,1,eg_tg_flya_d2,欧米茄飞手：咯噔。差点把鸣门弄掉。
嚏,U+568F,1,ev_mon_cl40#0,莉·伊奈：啊，终于打出喷嚏了哟
嚷,U+56B7,1,ev_gen_no539#2,噢呀噢呀：所以说，嚷着赶紧收工的人可少见！
嚼,U+56BC,1,eg_bo_motk_vo25_c,莫特·库蒙：嚼起来好脆4哟
坍,U+574D,1,menu_dic_eg_cl_akem#0,地面坍塌以外的剑术没他出场的份
坡,U+5761,1,eg_we_bdhm_w,屋台达势大知：坡上街的和平，由这屋台达势
坨,U+5768,1,ev_gho_pla02,弗莱迪：简直是矗立着的一坨啊。
坪,U+576A,1,ev_march10#1,当然是帅哥飞行员和直升机坪旁
埴,U+57F4,1,menu_dic_144#6,兴趣特技：少见的埴轮
堀,U+5800,1,eg_cl_siro_vo12#0,星防卫军：优帝宫王鬼向堀井雄二鸟山明
堕,U+5815,1,eg_ev_lucu_at2,让人堕落
堡,U+5821,1,ev_ending130b,派：俺要汉堡。
填,U+586B,1,menu_dic_331#6,兴趣特技：填补寂寞的
墅,U+5885,1,ev_solo_atashi46#0,卡特莉·伊奈：豪华别墅里，被薰衣草香包围着
墟,U+589F,1,ev_tue_st03#0,梅尔克里：这里就是废墟之星
墩,U+58A9,1,eg_du_wall_d,墙人：墩在那儿！
壁,U+58C1,1,d_wed_0013#1,有自由穿过墙壁的威力
夷,U+5937,1,ev_solo_inu52#1,变成「夏威夷状书外间势中的偶像」的部
奢,U+5962,1,d_dung_0670#0,索皮尼翁：虽说是奢望
奴,U+5974,1,ev_gen_no535,小奴曼：先生超菜！
妮,U+59AE,1,menu_dic_106#6,兴趣特技：安妮部队
姜,U+59DC,1,ev_february4#1,姜泥再加鲣鱼拍打
娱,U+5A31,1,eg_pw_tagm_vo32#1,阿尔冯斯：日本第一的娱乐漫画。。
婪,U+5A6A,1,d_egg_ev03_02#2,是一片沉溺于战乱的贪婪之地！
媚,U+5A9A,1,eg_pw_kimr_w#1,不向连喜献媚的奇美拉王。
媛,U+5A9B,1,ev_mon_bs20#0,浪漫女王：纵被称为才媛
季,U+5B63,1,ev_june1#0,卡特莉·伊努：啊，梅雨季潮乎乎的
孽,U+5B7D,1,d_egg_ev07_05#2,知晓罪孽之深的人！
宅,U+5B85,1,menu_dic_105#3,擅长：我是宅，不过
宏,U+5B8F,1,dg_common_seal#2,横跨宇宙的宏大迷宫
宕,U+5B95,1,eg_bo_emtp_l#1,主系统宕机！
宛,U+5B9B,1,gameover_all24b#1,宛如卡特莉·伊奈的怒火本身
宣,U+5BA3,1,ev_solo_egg6#1,名叫爱的宣泄哟
宰,U+5BB0,1,d_dung_0488#0,人的爹：儿子的买卖，有点宰客呢！
尊,U+5C0A,1,general_36_w,俺／尊敬。
屏,U+5C4F,1,ev_march13#0,卡特莉·伊奈：和屏幕对面素不相识的男性
岸,U+5CB8,1,ev_gho_int_a07#0,梅尔克里：自遥远彼岸俯视我们的
崭,U+5D2D,1,ev_thu_cl38#2,向着崭新的出路延伸枝叶！
巢,U+5DE2,1,ev_ending133,梅尔克里：巢鸭的拔刺地藏在叫吾哪！
帖,U+5E16,1,f_thu_13#1,是宫殿给我的，钻石婚礼请帖的
幼,U+5E7C,1,ev_fri_cl66#2,幼小种族也差不多！
府,U+5E9C,1,ev_ending25#1,地球联邦总统府来电！
庭,U+5EAD,1,ev_solo_egg13#1,小份披萨和家庭装炸鸡和
弧,U+5F27,1,trump_bumeran_ms,挥舞起传说之弧。
径,U+5F84,1,f_ear_14#2,的是通往艾格妈妈的最短路径。
忧,U+5FE7,1,general_68_l,忧郁！
怵,U+6035,1,ev_gho_bs09#0,马蒂斯：嘿嘿，我可有点发怵啊，俺！
恍,U+604D,1,ev_gen_no530#1,皮亚皮亚涅：恍惚着对不起！
患,U+60A3,1,d_dung_0287#1,迟早会成为妖精未来的大患！
惚,U+60DA,1,ev_gen_no530#1,皮亚皮亚涅：恍惚着对不起！
惦,U+60E6,1,d_dung_0400#1,惦记着您！
惫,U+60EB,1,ev_spring3#1,要治愈疲惫的身子和干枯的姿
憋,U+618B,1,ev_sun_st50#1,憋不住了哇。
戚,U+621A,1,ev_col_extra36#0,女主播：抱歉，接下来有亲戚的
戟,U+621F,1,eg_ms_mogu_at1,三叉戟
截,U+622A,1,d_dung_1002#1,迷宫研究员：要是斩钉截铁说做错了就好了
扳,U+6273,1,dg_tutorial02_4#2,再扳拉杆就会关上，要注意呐！
抄,U+6284,1,menu_trump134#1,死神正在抄袭！
抑,U+6291,1,ev_thu_cl46#1,这颗邪恶蛋，能抑制怪物化的进行
抚,U+629A,1,ev_mon_cl29#1,抚养长大！
拎,U+62CE,1,menu_dic_eg_du_fraf#1,每天拎回一升瓶，整颗心往下灌！
拗,U+62D7,1,menu_dic_eg_cl_ugok#2,大概谁也拗不过！
拦,U+62E6,1,ev_ear_cl87b#0,塞巴斯蒂安：拦住核导弹，护住卡特莉·德
拨,U+62E8,1,d_dung_0747#2,你们也许是头一拨！
捂,U+6342,1,ev_gen_no496_2#4,要说什么的那张嘴，我轻轻捂上！
捧,U+6367,1,eg_tg_tken_at2#2,猪也一捧就会潜进況
措,U+63AA,1,ev_gho_bs18#1,那种傻乎乎客气措辞尽头的
掺,U+63BA,1,menu_dic_eg_pw_bari#1,这种连一掺进来工作就没了，
揪,U+63EA,1,eg_ev_veno_d,毒液酱：毒液酱的能揪了一下。
撩,U+64A9,1,eg_bo_fuyu_vo3_2#0,冬子：特辑的【撩心小动作一百选】呀
擒,U+64D2,1,menu_trump021#2,擒杀掉！
斜,U+659C,1,menu_dic_eg_du_coin#0,的一枚硬币，心情稍微有点斜！
斧,U+65A7,1,okunote_maru_tk#0,超级黄金金属斧炸弹打击光线
旱,U+65F1,1,menu_dic_31#6,兴趣特技：假日滑旱冰
昨,U+6628,1,ev_solo_inu26#1,啊，昨天的薯片也扔进去！
昵,U+6635,1,planet_08_help#1,还有友的亲昵之造
晋,U+664B,1,ev_mon_st09#1,贫弱，前去晋见星球王族的将军
权,U+6743,1,ev_ear_cl07#2,是为了其中掌权者的先走吧！
枕,U+6795,1,ev_solo_egg17#2,鸣门先枕和铂金钻石饰品呢呀
林,U+6797,1,menu_dic_eg_ms_tryu#0,从负林子里飞出来的蛋怪！
枝,U+679D,1,ev_thu_cl38#2,向着崭新的出路延伸枝叶！
柜,U+67DC,1,eg_ev_nodt_vo13,被阵的死神：要出柜了死。
柳,U+67F3,1,ev_gen_no537#0,畔柳：你好。初次见面是吗？
校,U+6821,1,menu_dic_203#7,是人生的大学分校！
桌,U+684C,1,eg_du_caml_vo1,变色龙人：来教教你餐桌礼仪！
梁,U+6881,1,d_dung_1004#35,手：成为通向和平世界的桥梁！
棱,U+68F1,1,menu_dic_eg_pw_moon#0,飞读造星了的、月光棱镜的白体美！
椰,U+6930,1,ev_solo_atashi35#0,和美容，怎么抓都抓不住的椰果！
檐,U+6A90,1,eg_le_grcl_d,石像鬼：石像鬼从屋檐上掉下来了！
殃,U+6B83,1,ev_june12#1,四分之一的将军遭了殃！
殆,U+6B86,1,ev_tue_pre01#0,荒废殆尽的重装星上
殴,U+6BB4,1,eg_cv_bari_d,巴里佐贡：巴里佐贡对互殴很怕！
毯,U+6BEF,1,f_thu_25#1,早点让我把婚礼红毯
氧,U+6C27,1,eg_le_kegg_vo3#2,艾格曼王：脱氧核糖瑞士虫锗光————束
氨,U+6C28,1,ev_solo_egg15#2,因为在减肥，氨基酸补充剂也要呢呀
江,U+6C5F,1,eg_cv_heij_l,机器人捕快：哦、哦江户的和平是！
污,U+6C61,1,ev_ear_st05,梅尔克里：大气也像是被污染得很厉害哪！
沌,U+6C8C,1,eg_bo_mots_vo34,莫特·苏蒙：混沌漩涡4。
沸,U+6CB8,1,menu_dic_eg_we_ttya#0,一待让世心沸腾的星威力本力力，
沼,U+6CBC,1,eg_le_177_at1,沼气
泽,U+6CFD,1,menu_dic_257#6,兴趣特技：舒泽特小姐
洁,U+6D01,1,d_egg_ev06_04#1,是因为那是怀着纯洁之心的
洲,U+6D32,1,ev_solo_egg5#1,名叫爱的绿洲哟
浅,U+6D45,1,d_dung_0114#1,喜欢浅的人？
淘,U+6DD8,1,eg_pk_bbms_ms21#1,真拿这淘气精没办法攻
渊,U+6E0A,1,eg_le_hdes_w,哈迪斯：绕过恐怖，在死渊边沉睡。
渚,U+6E1A,1,ev_solo_atashi55#1,变成「渚边性感轰炸机」的部队
渡,U+6E21,1,menu_dic_eg_ms_efdr#1,自己的看占有时也了军着，渡着世心！
渺,U+6E3A,1,d_dung_0761#1,自己是多么渺小的存在！
湖,U+6E56,1,eg_pk_prim_vo1,首席：是天鹅湖落
溪,U+6EAA,1,dg_telop_03,——：与溪流的」合——
滓,U+6ED3,1,general_22_l,少开玩笑，跪下渣滓们。
漱,U+6F31,1,d_dung_0141#1,漱口的水不要喝
烁,U+70C1,1,f_fri_06#0,梅尔克里：闪烁的力量
焦,U+7126,1,eg_pk_milk_vo2#0,米尔基：那么焦躁，是缺钙呢。
煞,U+715E,1,ev_sun_st64a,卡特莉·伊奈：嗯嘛，多煞风景的怪陨石。
煤,U+7164,1,eg_bo_boil_at3_kata_21,绘美：煤气味。？
煽,U+717D,1,eg_bo_boil_vo23,四次元煮蛋：把祭典煽起来4，超越次元。
熊,U+718A,1,eg_cl_judo_vo2,柔道家：这招能埋熊吗？
熏,U+718F,1,trump_kusukan_ms#0,鼻子都要被熏歪的味道。
熬,U+71AC,1,d_sun_0023#0,孩子：熬夜还会挨骂
熵,U+71B5,1,menu_dic_eg_le_kaba#1,他使的不合不虽与熵的一食／复逃不一配，
燕,U+71D5,1,ev_march9#2,鱼翅和燕窝，还有鱼翅和唐培里侬呀
燥,U+71E5,1,planet_02_help#1,干燥的星
犰,U+72B0,1,ev_march45#0,梅尔克里：呣，这就是犰狳吗！
犸,U+72B8,1,eg_bo_motk_vo21,莫特·库蒙：我开动了猛犸4。。
狳,U+72F3,1,ev_march45#0,梅尔克里：呣，这就是犰狳吗！
狸,U+72F8,1,eg_cu_runa_w#0,赢了赢了——咔钦咔钦——狸猫——
玄,U+7384,1,menu_dic_eg_le_denb#1,以前叫玄武这个合，本人却中意这姿
琪,U+742A,1,trump_engelin1#0,使用了安琪琳。
瓢,U+74E2,1,eg_cl_tiki_at1,干瓢
瓣,U+74E3,1,ev_march3#1,稍微失手，豆瓣酱和拌海胆
甚,U+751A,1,thu_f01_help#1,甚至感到巨大的气息
甸,U+7538,1,ev_ear_cl51#1,天空与恶灵与伊甸与被引导的传说大地
畏,U+754F,1,ev_thu_bs03#0,？？？？世人满怀畏惧，如此称呼吾
畔,U+7554,1,ev_gen_no537#0,畔柳：你好。初次见面是吗？
痴,U+75F4,1,ev_mon_cl19#1,闹成痴情纷争，续篇也会受影响呢
痹,U+75F9,1,eg_ev_gost_ms31#1,全部威力下降，麻痹，中毒了。。
瘫,U+762B,1,trump_kusukan_ms#1,瘫软下去了！
皆,U+7686,1,general_69_w,一切生者，皆有爱！
盂,U+76C2,1,ev_solo_caution14#6,盂兰盆
盈,U+76C8,1,eg_ms_flzb_d,孩：咔嚓。冰冻男孩口感轻盈！
盲,U+76F2,1,eg_bo_aki_at3,爱打败盲
眨,U+7728,1,eg_pw_nymp_at1,嗯哼眨眼
睁,U+7741,1,d_fri_0010#1,我大体睁一只眼闭一只眼
督,U+7763,1,ev_gen_no540#4,兼职监督的委托和调试企划
睫,U+776B,1,dg_common_tekken44,勇：睫毛膏
瞟,U+779F,1,eg_pw_kimr_vo2#1,奇美拉王：眼睛瞟开装没看见吗
磺,U+78FA,1,ev_solo_egg17#1,鲭鱼香水和硫磺会场的连和
祥,U+7965,1,menu_dic_eg_le_fzer#2,再不早点被做成吉祥物就要生势军空，最近这么
祷,U+7977,1,ev_solo_uematsu19#2,祈祷，在被赐予的预言之下
税,U+7A0E,1,d_dung_0505#1,含税「3000波奇利」
穷,U+7A77,1,ev_solo_inu43#1,通宵了，穷得超惨啊！
窗,U+7A97,1,²¯eXg,窗口要漏出去了。
笹,U+7B39,1,ev_gen_no526,笹龙：今天的写集录像带选哪
筷,U+7B77,1,menu_dic_eg_du_hega#0,筷子夹了也好笑的那年报的、
篷,U+7BF7,1,boss_mots_actmenu#0,把斗篷闭上
粪,U+7CAA,1,d_dung_0145#0,：现在出门绝对会踩到象的粪呢！
纱,U+7EB1,1,test_gameover20#0,特莉·伊奈：戴上一殿的面纱
纷,U+7EB7,1,ev_mon_cl19#1,闹成痴情纷争，续篇也会受影响呢。
纺,U+7EBA,1,d_egg_ev04_06#1,然后，把历史纺下去呢。
绒,U+7ED2,1,menu_dic_567#3,擅长：雪绒花
络,U+7EDC,1,d_dung_0032#2,都是因为没好好联络！
绽,U+7EFD,1,ev_solo_uematsu17#1,玫瑰绽放的大地在歌唱
缕,U+7F15,1,menu_dic_eg_pk_aiss#2,连欲的战入里，现在，一缕静在事着！
缸,U+7F38,1,ev_sun_cl44#2,宇宙也不过像浴缸一样哟。
罕,U+7F55,1,ev_thu_cl56#0,塞巴斯蒂安：半熟史上罕见的严肃展开
羞,U+7F9E,1,general_94_w,别、别看。好害羞。
羡,U+7FA1,1,menu_dic_eg_ms_hang#2,却休姿羡慕他赚得好！
耻,U+803B,1,ev_ending24#1,作为地球人，可耻至极！
職,U+8077,1,ev_gen_no495#0,时田：游戏職人时田贵司加入了伙伴。
肋,U+808B,1,eg_cl_judo_vo1,柔道家：肋骨能带走几根？
肝,U+809D,1,ev_ending141#0,伊奈：金枪鱼肚和海胆和鹅肝和鲍鱼和
肪,U+80AA,1,menu_dic_208#1,脂肪会掉吧！
胀,U+80C0,1,eg_ms_omed_ms21#0,恭喜鸟：恭喜鸟膨胀了。
胃,U+80C3,1,ev_ending12#0,卡特莉·伊奈：越吊胃口越来劲。
胯,U+80EF,1,ev_mon_st03#0,马蒂斯：总觉得胯下那一带
胶,U+80F6,1,eg_ms_kken_at2,胶原蛋白
脂,U+8102,1,menu_dic_208#1,脂肪会掉吧！
脊,U+810A,1,ev_end_pre19#1,特上牛小排和上里脊和特上牛小排和上横膈膜，
脐,U+8110,1,trump_pikkarin_tk,把肚脐藏好。会被狙哦。
脯,U+812F,1,d_dung_0691#4,都可以拍胸脯说自己在做正确的事！
腥,U+8165,1,ev_gho_int_c35#1,那种东西终究是鱼腥草开得很盛哦。
腮,U+816E,1,ev_october5#1,腮帮子掉了，身子都软成嘟噜
膈,U+8188,1,ev_end_pre19#1,上里脊和特上牛小排和上横膈膜，还有
膝,U+819D,1,ev_solo_atashi9#1,感动得膝盖都在打颤呀
膨,U+81A8,1,eg_ms_omed_ms21#0,恭喜鸟：恭喜鸟膨胀了。
臂,U+81C2,1,menu_dic_eg_le_szak#0,番号变N使N-08使！手臂装备的机枪，
航,U+822A,1,ev_march25#1,难得就不能送宇宙军航天飞机？
艰,U+8270,1,eg_pk_aiss_l,气之使者：气竟是如此艰难！
芭,U+82AD,1,menu_dic_202#6,兴趣特技：看看芭蕾练出来的
苣,U+82E3,1,menu_dic_322#0,参加动机：被菊苣部队
苹,U+82F9,1,menu_dic_eg_le_ares#1,苹果备一根削、逃上的假发削
荚,U+835A,1,menu_dic_eg_le_ares#2,连竹荚鱼的早作卸也掌握了的他，
荞,U+835E,1,eg_ev_jjdv_w,运动服恶魔：喂。、去买荞麦面包来。
荣,U+8363,1,ev_c_call64#1,能出演这游戏很荣幸。
荪,U+836A,1,ev_march9#1,鱼翅和竹荪和鱼翅和北京鸭和
莲,U+83B2,1,ev_solo_atashi30#1,鱼翅和榴莲的万魔殿风
菊,U+83CA,1,menu_dic_322#0,参加动机：被菊苣部队
萎,U+840E,1,ev_tue_st01#1,荒废枯萎的地形呢！
著,U+8457,1,boss_ata8_que_19#0,少用带来的力今是战弱，显著减少了！
蔓,U+8513,1,ev_thu_cl22#0,彭普蒂：病毒转眼间蔓延开来
蔗,U+8517,1,menu_dic_172#7,很好吃哦！甘蔗！
蔬,U+852C,1,ev_thu_cl11#1,谁讨厌蔬菜？
蔽,U+853D,1,boss_aki_actmenu#1,爱与蒙蔽
薰,U+85B0,1,ev_solo_atashi46#0,莉·伊奈：豪华别墅里，被薰衣草香包围着
蘸,U+8638,1,ev_solo_inu32#1,味道随便蘸着吃！
蚀,U+8680,1,ev_tue_cl11#1,我的气合开始被侵蚀！
蜥,U+8725,1,eg_pk_amaz_at1,火蜥蜴之剑
蜴,U+8734,1,eg_pk_amaz_at1,火蜥蜴之剑
衔,U+8854,1,eg_tg_omeg_vo12,欧米茄：衔尾蛇战土费疲起鸣门漩涡！
裆,U+88C6,1,ev_fri_st32#1,最终幻想X-3里瓦卡的兜裆布
裙,U+88D9,1,ev_solo_inu12#0,卡特莉·伊努的围裙
褪,U+892A,1,eg_ms_drgf_d,蜻蜓龙：蜻蜓龙的衣褪了！
誉,U+8A89,1,ev_solo_ramp37#1,赌上名誉来修蛋吗！
诀,U+8BC0,1,menu_dic_eg_du_ifrt#2,低怪火、去烤，才是料理的诀窍！
诃,U+8BC3,1,test_movie_player#46,堂吉诃德
诗,U+8BD7,1,ev_gen_no541#0,伊藤贤：浪漫沙加 吟游诗人之歌
诚,U+8BDA,1,d_egg_ev09_07#2,以及赤诚专一之人！
谍,U+8C0D,1,dg_common_tekken47,勇：间谍啊！
谚,U+8C1A,1,f_thu_31#0,是吾阿尔玛之月传承下来的谚语的说！
豁,U+8C41,1,d_dung_0489#1,这个，几乎没赚哟！我都豁出命了！
贞,U+8D1E,1,ev_solo_gf9#0,圣女贞德也是这样！
贤,U+8D24,1,ev_gen_no541#0,伊藤贤：浪漫沙加 吟游诗人之歌
贫,U+8D2B,1,ev_mon_st09#1,贫弱，前去晋见星球王族的将
贷,U+8D37,1,menu_dic_252#0,参加动机：公寓贷款
贿,U+8D3F,1,trump_shorioti_tk#0,喂。这是贿赂。十圆。
赂,U+8D42,1,trump_shorioti_tk#0,喂。这是贿赂。十圆。
赋,U+8D4B,1,d_dung_0543#2,会被赋予非常巨大的力量！
赝,U+8D5D,1,ev_tue_cl08#1,力量蛋不过是赝品！
踌,U+8E0C,1,eg_ms_kken_d,克拉肯正对首次现身的大力踌躇着！
蹈,U+8E48,1,eg_cl_lamp_ms33#0,灯南瓜：灯南瓜啊，那舞蹈也未免
躇,U+8E87,1,eg_ms_kken_d,拉肯正对首次现身的大力踌躇着！
轴,U+8F74,1,ev_plo_test#61,啊，别那样。别把卷轴速度加快。
辰,U+8FB0,1,eg_bo_mots_vo21,莫特·苏蒙：来吧4。时辰到了，向自己的挑战4。。
迈,U+8FC8,1,eg_cv_paz3_ms32,解谜3：三男向新世界迈出了第一步！
逗,U+9017,1,menu_dic_63#4,逗大家开心。
逞,U+901E,1,f_sun_41#1,没什么好逞能的说。
遣,U+9063,1,d_dung_0286#3,受眠姬大人所遣而来！
郁,U+90C1,1,general_68_l,忧郁！
鄙,U+9119,1,f_ear_04,马蒂斯：比贾多还卑鄙的家伙。
酣,U+9163,1,ev_solo_daruma4#1,战事正酣，您在做什么。？
酪,U+916A,1,ev_solo_atashi23#1,鱼和蓝纹奶酪的香菜包
酿,U+917F,1,d_egg_ev05_03#0,骑士：用法一旦错了，就会酿成大祸！
醋,U+918B,1,ev_thu_cl78#0,卡特莉·伊奈：不吃醋也没关系哟
钉,U+9489,1,d_dung_1002#1,迷宫研究员：要是斩钉截铁说做错了就好了
铂,U+94C2,1,ev_solo_egg17#2,鸣门先枕和铂金钻石饰品呢呀
铠,U+94E0,1,ev_solo_atashi56#1,穿上「卡特莉行星传说铠甲」
银,U+94F6,1,ev_gen_no516#1,银兵酱的体臭问题可真让人头
铺,U+94FA,1,f_ear_01#2,已经铺开了的说！
销,U+9500,1,menu_dic_32#0,参加动机：因为有电话推销！
锄,U+9504,1,menu_dic_22#3,擅长：锄头倒是拿过
锐,U+9510,1,f_wed_20#1,还挺敏锐的嘛！
锗,U+9517,1,eg_le_kegg_vo3#2,艾格曼王：脱氧核糖瑞士虫锗光————束！
镇,U+9547,1,eg_tg_flya_ms23#0,欧米茄飞手：欧米茄飞手的镇静弹。
闘,U+95D8,1,eg_pw_isgn_vo2,况：这就是摔角手小军的喜闘逆水平——。。
阎,U+960E,1,eg_tg_mhel_vo31#0,播报：阎魔大力披上了。终于超决了
阪,U+962A,1,ev_january27#0,惠比寿：来大阪的时候，务必。
陋,U+964B,1,eg_bo_boil_vo33#0,四次元煮蛋：为了进化，丑陋的姿要睡去！
隶,U+96B6,1,menu_field_main_unit,隶属于此！
雍,U+96CD,1,ev_ending141#2,鱼子和河豚全餐再加堂培里雍
霞,U+971E,1,ev_march11#0,卡特莉·伊奈：望着红色晚霞，在挤得要死
霸,U+9738,1,ev_thu_bs11#1,却感觉不到霸气哪！
韧,U+97E7,1,menu_dic_eg_pw_nymp#1,人激迷住的商气宁芙！他柔韧的唤
韭,U+97ED,1,ev_solo_atashi18#1,韭菜大蒜鸡蛋拌鲜奶油哟呀
颈,U+9888,1,ev_thu_cl37#2,可是解析遇到了瓶颈！
飓,U+98D3,1,menu_trump014#0,唤来飓风，
飙,U+98D9,1,ev_gho_cl_a47#1,一个劲往上飙啊。
饲,U+9972,1,trump_invin_tk,吃了力量饲料，今天也精神。
饴,U+9974,1,menu_dic_570#6,兴趣特技：千岁饴！
饵,U+9975,1,general_11_w#0,再怎么逃也是】的饵食啊
饺,U+997A,1,menu_dic_eg_du_nink#0,拉面、意面、饺子、白馒头！
驯,U+9A6F,1,dg_common_tekken32,勇：那只驯鹿
骆,U+9A86,1,dg_common_tekken14,勇：骑着骆驼
鬃,U+9B03,1,menu_dic_eg_du_jido#1,了不被班上的朋友小看，竖鬃总是带回家！
鱿,U+9C7F,1,ev_spring8#1,去鱿鱼之星呀
鲽,U+9CBD,1,eg_cl_hade_vo22,派手斯：核恼的鲽，让开。
鳄,U+9CC4,1,menu_dic_eg_we_same#0,像把天使吞雄了的鳄鱼、荒使的鲨鱼那样，
鸯,U+9E2F,1,menu_dic_eg_cl_matu#0,心意相通、一辈子相伴的鸳鸯夫妇！
鸳,U+9E33,1,menu_dic_eg_cl_matu#0,能心意相通、一辈子相伴的鸳鸯夫妇！
鹌,U+9E4C,1,menu_trump032#0,变得像鹌鹑一样小！
鹑,U+9E51,1,menu_trump032#0,变得像鹌鹑一样小！
鹰,U+9E70,1,ev_solo_atashi47#2,印尼菜加甜点鹰呢呀
鹿,U+9E7F,1,dg_common_tekken32,勇：那只驯鹿
鼬,U+9F2C,1,ev_thu_st34,以前镰鼬。。
龄,U+9F84,1,ev_mini_sun04#1,Dead Gun保龄。
龇,U+9F87,1,eg_pw_kimr_vo2#0,奇美拉王：不打吗不龇牙吗
龟,U+9F9F,1,menu_dic_eg_le_denb#0,明明是乌龟，却会挠谁恋物癖的今家伙
丼,U+4E3C,2,ev_ending130c,雅：牛、有牛丼吗？
丼,U+4E3C,2,ev_solo_egg13#0,鳗鱼套餐和天妇罗套餐和牛丼套餐和
亿,U+4EBF,2,eg_le_baha_ms3,哈穆乔：爸爸穆乔放出了十亿核爆。
亿,U+4EBF,2,eg_le_baha_ms31,哈穆乔：爸爸穆乔放出了十亿核爆。
仍,U+4ECD,2,ev_gho_cl_a126#0,蒂安：虽说七人到齐，前途仍是未知！
仍,U+4ECD,2,d_egg_ev01_02#2,仍与现世相连！
伍,U+4F0D,2,menu_dic_eg_cv_wood#0,定妆况的马里伍德球
伍,U+4F0D,2,d_dung_0282#0,有不说话就扑上来的队伍吧！
伎,U+4F0E,2,menu_dic_259#0,参加动机：为了传播歌舞伎
伎,U+4F0E,2,menu_dic_259#6,兴趣特技：歌舞伎之街也
伽,U+4F3D,2,d_dung_0071#0,吉尔伽美什：抱歉啊
伽,U+4F3D,2,d_dung_0072#0,吉尔伽美什：能走到这里，好！
供,U+4F9B,2,ev_gho_bs25#1,会高兴地提供数据的吧？
供,U+4F9B,2,ev_ear_bs06#1,会高兴地提供数据的吧？
侬,U+4FAC,2,ev_end_pre19#2,排和极上西冷，再来唐培里侬呀
侬,U+4FAC,2,ev_march9#2,和燕窝，还有鱼翅和唐培里侬呀
促,U+4FC3,2,eg_ms_drgf_ms21#1,兴奋被促进，攻击上升了。。
促,U+4FC3,2,eg_ms_drgf_ms22#1,兴奋被促进，攻击上升了。。
俏,U+4FCF,2,eg_du_rapp_ms12#0,说唱歌手：对无聊的俏皮话
俏,U+4FCF,2,eg_du_rapp_ms121#0,说唱歌手：对无聊的俏皮话
俗,U+4FD7,2,ev_february35#2,听说有这种习俗哪！
俗,U+4FD7,2,ev_march38#2,听说有这种习俗哪！
偿,U+507F,2,general_21_w,斗下去吧，直到如今眼睛能偿还的那待！
偿,U+507F,2,ev_c_call24#0,惠比寿：谢谢。宿愿得偿，半熟里
催,U+50AC,2,d_egg_ev02_06#1,那种意志，才会再催生出坚强的意志！
催,U+50AC,2,d_egg_ev04_06#0,粉红艾格曼：那份爱会催生新的生命
兆,U+5146,2,eg_pw_roll_at2,兆吨压制
兆,U+5146,2,d_dung_0705#1,前兆吗！
共,U+5171,2,f_sun_25#2,您令指挥的全员，共2队的说！
共,U+5171,2,eg_cl_judo_w,柔道家：拳头是万国共通的
冈,U+5188,2,eg_le_oden_at2,冈尼尔
冈,U+5188,2,eg_bo_atom_vo35,沃尔夫冈豹二世再见。
冠,U+51A0,2,eg_cv_megg_ms1,械艾格曼：机械艾格曼把鸡冠飞出去了。
冠,U+51A0,2,eg_du_dady_l,爹地：把这个情给你冠军腰带。
凳,U+51F3,2,ev_solo_disappear23#1,究竟还要当多久板凳，
凳,U+51F3,2,ev_solo_disappear23a#1,究竟还要当多久板凳，
削,U+524A,2,menu_dic_eg_le_ares#1,苹果备一根削、逃上的假发削都配上，
劣,U+52A3,2,ev_tue_st86,卡特莉·伊奈：多么卑劣的家伙啊。
劣,U+52A3,2,f_tue_20,弗莱迪：多么恶劣的组织啊！
匹,U+5339,2,menu_dic_29#0,参加动机：一匹狼什么的
匹,U+5339,2,menu_dic_eg_cl_otam#1,才能看见、宇宙人族的一匹蝌蚪！
厕,U+5395,2,ev_thu_st35,厕所里花子小姐。。。
厕,U+5395,2,eg_cv_bari_vo1#0,巴里佐贡：小学时，在厕所和班上孩子比谁尿得远的
吽,U+543D,2,eg_we_kinu_at3,阿吽！
吽,U+543D,2,eg_we_kinu_r2#1,新招·阿吽！记住了。。
咙,U+5499,2,eg_cl_otya_ms33,饭：大叔泡饭把汤汁卡在喉咙里，能力下降。
咙,U+5499,2,eg_we_momo_l,斯：莫莫里斯把这次卡在喉咙里了！
咧,U+54A7,2,eg_ev_151_w,停恩：停恩看起来在咧着上笑！
咧,U+54A7,2,eg_ev_gera_d,盖拉斯：盖拉斯咧出不怀的上。
哝,U+54DD,2,okunote_coming_tk#1,（咕哝咕哝）的说！
喀,U+5580,2,eg_pw_moon_vo31#0,月光肌肉：月光肌肉嗯姆喀啊啊啊。。
喀,U+5580,2,eg_pw_full_vo31#0,全肌肉：嗯姆喀啊啊啊。。
喏,U+558F,2,eg_le_oden_vo2,奥炖：喏，喏！舒服吧？
嘀,U+5600,2,menu_dic_eg_ev_deat#2,为了不忘，定期嘀咕着「尼埃本诺」！
嘀,U+5600,2,ev_fri_st22#0,马蒂斯：可是，在这儿嘀咕
嘘,U+5618,2,ev_tue_st80y,雅：嘘。
嘘,U+5618,2,ev_thu_cl55#0,塞巴斯蒂安：（嘘。
噼,U+567C,2,eg_ms_drgt_vo31,龙？不：不许舔——。噼。啪。噼。
嚣,U+56A3,2,ev_fri_cl65,马蒂斯：真嚣张啊，你。
嚣,U+56A3,2,general_04_w,好嚣张的终将小家伙！
囱,U+56F1,2,eg_cv_yata_ms1,屋台达：从屋台达的烟囱里，中逃的殿】被引出来了
囱,U+56F1,2,eg_cv_yata_vo1,屋台达：屋台达。烟囱加农。
址,U+5740,2,eg_bo_boil_at3_kata_14#1,这份地址也打算给一真吗。
址,U+5740,2,eg_bo_boil_at3_kata_8#1,绘美居然把地址教出去！
均,U+5747,2,ev_mon_cl15#2,胸围可比日本平均深多了。
均,U+5747,2,eg_bo_emtp_vo13#1,人类的平均值！
坛,U+575B,2,dg_tutorial04_2#0,丹·琼斯：这就是「坛子」！
坛,U+575B,2,dg_tutorial_always05#0,被俘者：从坛子和宝箱，或者和对方战斗
垂,U+5782,2,eg_ev_cand_d,蜡滴：蜡软塌塌地垂下来。
垂,U+5782,2,eg_bo_natu_vo1_2#0,夏子：这把次元刃，下垂的胸部也能
堆,U+5806,2,ev_october2#1,就把秋味食材超买了一堆呀
堆,U+5806,2,eg_bo_fuyu_w_y#1,俺家够不着的事，写了一堆4！
堵,U+5835,2,eg_cl_106_ms1#0,创可贴：创可贴把占堵住了！
堵,U+5835,2,eg_cl_106_ms11#0,创可贴：创可贴把占堵住了！
増,U+5897,2,eg_du_hagu_ms31,走散章鱼小孩：整包増过来了。
増,U+5897,2,eg_du_hagu_vo31,走散章鱼小孩：整包増来了波罗！
壶,U+58F6,2,ev_solo_inu14#0,卡特莉·伊努：开水用壶里的就行！
壶,U+58F6,2,ev_mini_mon03#1,鸡肉冰壶。
奸,U+5978,2,general_40_l,奸笑！
奸,U+5978,2,general_40_w,奸笑！
妃,U+5983,2,ev_tue_st43#1,我可是卡特莉惑星第一王妃候补。
妃,U+5983,2,d_egg_ev04_03#2,王妃为那种规矩心痛着！
委,U+59D4,2,menu_monthly_emp_gen#1,向部队委托招募部队！
委,U+59D4,2,ev_gen_no540#4,兼职监督的委托和调试企划
娇,U+5A07,2,eg_du_frns_ms3,索瓦兹：世星号逃长地撒起娇来！
娇,U+5A07,2,general_13_l,散发爱娇好累啊！
娶,U+5A36,2,ev_mon_bs21#0,浪漫女王：无数男人前来求娶
娶,U+5A36,2,ev_mon_st34#2,想用武力迎娶，大家都这么想。
婴,U+5A74,2,menu_dic_eg_du_belz#0,要变成部下大星恶魔的真感婴儿！
婴,U+5A74,2,menu_dic_eg_ms_fbby#1,靠着叫，一边对自己比别的婴儿
婿,U+5A7F,2,ev_gho_int_b14#1,本4的女婿、四次元之子
婿,U+5A7F,2,ev_gho_int_b27#0,四次元人：愚蠢女婿之子的了结
嫩,U+5AE9,2,eg_pk_meds_w,美杜莎：嫩呢！硬成这样了繰
嫩,U+5AE9,2,eg_du_sand_l#1,还是太嫩了吗，咕呼。
孤,U+5B64,2,menu_battle_help_mes4,孤注一掷的「杀手锏」攻击！
孤,U+5B64,2,menu_dic_eg_du_hagu#0,从谁那儿走散、孤零零的章鱼小孩！
宗,U+5B97,2,eg_le_excv_at2,正宗一下
宗,U+5B97,2,eg_le_excv_vo2,石中剑：正——————宗——。。
官,U+5B98,2,eg_we_moza_at2,指挥官装
官,U+5B98,2,eg_we_moza_vo21#1,指挥官装。
宴,U+5BB4,2,ev_solo_uematsu15#19,庆功宴
宴,U+5BB4,2,ev_solo_uematsu15a#19,庆功宴
宵,U+5BB5,2,ev_solo_inu43#1,通宵了，穷得超惨啊！
宵,U+5BB5,2,eg_bo_yonda04_04,通宵两人打游戏 回过神已在你
宽,U+5BBD,2,d_dung_0399#0,若您有宽广的心
宽,U+5BBD,2,d_wed_0008#2,那份罪也会被宽恕吧！
富,U+5BCC,2,menu_dic_42#3,擅长：智力很丰富！
富,U+5BCC,2,menu_dic_eg_du_sand#2,兴趣是当场，所以变化很丰富！
寐,U+5BD0,2,ev_solo_caution14#8,假寐的伊奈
寐,U+5BD0,2,d_dung_0762#3,这场战斗，正是我梦寐以求的
寸,U+5BF8,2,menu_dic_eg_ev_rabi#2,的役连上，也有「知道点分寸」的敌！
寸,U+5BF8,2,d_dung_0113#1,开玩笑也要有分寸的啦！
屈,U+5C48,2,ev_tue_st78#1,屈指可数的发明家！
屈,U+5C48,2,ev_gho_int_c41#1,无论对手是什么都不能屈服。
帘,U+5E18,2,menu_dic_65#0,参加动机：招聘映入眼帘
帘,U+5E18,2,eg_ev_dvwm_ms3,恶魔女：呜哦哦哦想看帘子里面。。
帜,U+5E1C,2,f_sun_17_2#1,在这处据点立起旗帜
帜,U+5E1C,2,f_sun_17_6#0,塞巴斯蒂安：旗帜一立，红线就从阿尔玛之月
建,U+5EFA,2,menu_dic_163#6,兴趣特技：要建设星球的话
建,U+5EFA,2,menu_dic_eg_du_sand#0,对建起来的东西不太感兴趣的沙
循,U+5FAA,2,menu_mission_thu01a#0,用蛇的循环
循,U+5FAA,2,menu_mission_thu03a#0,用蛇的循环
怅,U+6005,2,eg_we_srma_ms1,一股惆怅袭向了流浪曼波。。
怅,U+6005,2,eg_we_srma_ms11,一股惆怅袭向了流浪曼波。。
恳,U+6073,2,ev_sun_st26#2,恳请您了的说。
恳,U+6073,2,ev_wed_bs_sebath#0,塞巴斯蒂安：如此恳切地等候我们
悉,U+6089,2,ev_c_call37#0,塞巴斯蒂安：以及，熟悉的我们的英雄。
悉,U+6089,2,d_dung_0006#0,悉尼：加入同伴！
悩,U+60A9,2,menu_dic_eg_pk_amaz#0,把那悩的容貌变成以前的临繰、连
悩,U+60A9,2,eg_le_koro_at2,出悩
惆,U+60C6,2,eg_we_srma_ms1,一股惆怅袭向了流浪曼波。。
惆,U+60C6,2,eg_we_srma_ms11,一股惆怅袭向了流浪曼波。。
愁,U+6101,2,d_dung_0093#1,在发愁的啦？
愁,U+6101,2,d_dung_0478#1,没法往前，正发愁！
愣,U+6123,2,eg_du_teng_ms2#1,愣住了！
愣,U+6123,2,eg_du_teng_ms21#1,愣住了！
慈,U+6148,2,ev_solo_disappear28#2,请发发慈悲。。
慈,U+6148,2,ev_solo_disappear28a#2,请发发慈悲。。
慕,U+6155,2,menu_dic_eg_ms_hang#2,却休姿羡慕他赚得好！
慕,U+6155,2,ev_sun_st23#2,仰慕的人也没关系！
慰,U+6170,2,d_dung_0515#1,是这么自我安慰的！
慰,U+6170,2,d_dung_0605#1,不安慰也行！
执,U+6267,2,ev_ending61,马蒂斯：接下来再更像点执事就好了。
执,U+6267,2,d_dung_0328#0,尔玛之月将军：为什么这么执着地搭话！
折,U+6298,2,ev_ear_st37#0,弗莱迪：唉，再折腾也没用！
折,U+6298,2,eg_ms_unic_l,角兽：连要冲出去的勇气都折了！
抜,U+629C,2,eg_du_kero_d,克罗贝罗斯：美容抜卷好的来弹地拉长了。
抜,U+629C,2,eg_du_slow_ms2#0,从投解收到的／的敌降力是抜造。
抠,U+62A0,2,okunote_hero_tk#0,抠抠
抬,U+62AC,2,menu_dic_205#7,抬头看天就好！
抬,U+62AC,2,eg_bo_haru_ms31#0,情绪一下子拉满，气势猛地抬起来了。。
拐,U+62D0,2,eg_we_ciwa_ms1#1,拐弯太急，撞上去了。
拐,U+62D0,2,eg_we_ciwa_ms11#1,拐弯太急，撞上去了。
拣,U+62E3,2,eg_ms_popi_at3,赤分拣
拣,U+62E3,2,eg_ms_popi_r2#1,新招·赤分拣记住了。。
挚,U+631A,2,menu_dic_56#1,挚友！
挚,U+631A,2,d_dung_0050,凯恩：在等挚友！
挣,U+6323,2,eg_du_hega_ms22,赫加斯三姐妹：挣扎着享受了。
挣,U+6323,2,eg_du_hega_ms221,赫加斯三姐妹：挣扎着享受了。
掀,U+6380,2,menu_dic_eg_du_taim#0,泰坦若是掀起地震的地之神，
掀,U+6380,2,eg_cv_pwra_vo21#1,就用这家伙把世界掀翻——。。
掐,U+6390,2,eg_ev_smok_ms1#1,当被掐了也不知道。
掐,U+6390,2,eg_ev_smok_ms11#1,当被掐了也不知道。
掘,U+6398,2,menu_dic_eg_pw_mggm#2,开分掘藏的魅力反不低，魔坏很硬
掘,U+6398,2,eg_du_mggm_w#0,鼹鼠降：开食只要有这掘藏在。
描,U+63CF,2,d_trump_full3#0,本想入手英雄素描本
描,U+63CF,2,dg_common_tekken95#1,勇：入手了素描本！
揺,U+63FA,2,menu_dic_eg_we_brav#1,儿和青梅竹马的心（9岁）揺喜，终于落入食！
揺,U+63FA,2,menu_dic_eg_we_same#2,其实，是拥有周负一撤揺捕怖地收之客的、初当使！
搬,U+642C,2,menu_dic_eg_du_tcry#0,蛋世界第一的、蛋、搬运事！
搬,U+642C,2,menu_dic_eg_du_tcry#1,搬运事的难所是，少负着也像
摊,U+644A,2,menu_trump122#1,摊在沙发上
摊,U+644A,2,eg_we_moza_vo31#0,人：造到这份上，就把一切摊开来！
攒,U+6512,2,ev_sun_st31#1,为了攒力量，拿着对3D的片酬
攒,U+6512,2,dg_tutorial_always08#1,还不能说已经攒够了
敏,U+654F,2,f_wed_20#1,还挺敏锐的嘛！
敏,U+654F,2,eg_du_frkn_debug#5,美敏语音
旧,U+65E7,2,ev_january11#1,旧年那些这样那样也忘掉
旧,U+65E7,2,dg_common_tekken43,勇：够旧的！
晒,U+6652,2,eg_bo_yonda02_07,呐 晒伤是烫伤吗？ 这颗心也起
晒,U+6652,2,eg_bo_yonda02_08,呐 晒伤是烫伤吗？ 这颗心也起
暖,U+6696,2,boss_huyu_actmenu#2,暖风机
暖,U+6696,2,eg_bo_fuyu_at3,暖风机
朵,U+6735,2,menu_trump136#2,把耳朵借给他呢？
朵,U+6735,2,ev_fri_cl18#2,从耳朵冒烟俺可不管。
朽,U+673D,2,menu_dic_eg_cl_siro#2,相当老朽了，可还在现役！
朽,U+673D,2,eg_cv_pwra_l#1,去叹无力、朽掉吧。
杉,U+6749,2,eg_du_frkn_debug#7,上杉语音
杉,U+6749,2,ev_gen_no501,杉蒙德：什么。？
枫,U+67AB,2,gameover_h07#1,○负备O终的第一组枫叶卸
枫,U+67AB,2,gameover_h12#0,我殿：直到拿到传说的枫叶卸（所开优）
柿,U+67FF,2,ev_october3#0,卡特莉·伊奈：松茸和柿子和松茸和栗子和
柿,U+67FF,2,eg_bo_yonda03_03,松茸柿子栗子饭 肥油秋刀鱼配萝
株,U+682A,2,eg_ms_mand_at3,分株
株,U+682A,2,eg_ms_mand_r2#1,新招·分株记住了。。
栽,U+683D,2,ev_gho_cl_a28#1,怎么可能栽在那种莫名其妙的家伙
栽,U+683D,2,ev_solo_ken20#0,这下栽了。那么，怎么样？
框,U+6846,2,menu_dic_eg_cl_piku#1,从画框里蹦出来了！
框,U+6846,2,ev_solo_ken37#1,就当特别框！
桥,U+6865,2,menu_dic_34#0,参加动机：想在立交桥上
桥,U+6865,2,d_dung_1004#35,助手：成为通向和平世界的桥梁！
梭,U+68AD,2,menu_dic_306#6,兴趣特技：梭子鱼部队
梭,U+68AD,2,ev_october3#2,松茸和鲑鱼和松茸和梭鱼都买来了呀
棋,U+68CB,2,menu_dic_103#6,兴趣特技：因为下围棋
棋,U+68CB,2,ev_gen_no507,抹茶海苔：经常停在飞行棋那种回到起点的格子！
椒,U+6912,2,menu_dic_300#6,兴趣特技：鞋子里放辣椒
椒,U+6912,2,test_movie_player#43,持是和哈瓦那辣椒
椙,U+6919,2,ev_solo_uematsu4#0,植松伸夫：那是椙山浩一作曲哦！
椙,U+6919,2,ev_solo_uematsu4#1,半熟的第2作，也是椙山作曲
槟,U+69DF,2,test_gameover22#2,大鲔和鲑鱼籽和大鲔和香槟呀
槟,U+69DF,2,ev_sun_st32#2,大腹和鲑鱼籽和大腹和香槟
欠,U+6B20,2,sysmes_sound_list#27,哈欠
欠,U+6B20,2,d_tue_0001#0,卡姆拉纳特：必须把欠下的债还清！
汹,U+6C79,2,d_dung_0142#0,华人：哎呀——！来势汹汹的珠部隐喻呢！
汽,U+6C7D,2,eg_pk_skyp_at1,凝固汽油弹】
汽,U+6C7D,2,eg_pk_skyp_ms1,天空公主：天空公主把凝固汽油弹如字一般改了出去。
沾,U+6CBE,2,eg_le_szak_d,苏扎克：巨大的身体上沾了伤。
沾,U+6CBE,2,eg_bo_fuyu_vo3_1#1,啧啧，俺家连缘分都没沾上4！
泣,U+6CE3,2,eg_pk_mini_d,最小人：最小人靠着在抽泣！
泣,U+6CE3,2,eg_ms_mand_l,曼德拉草：抽泣！
泥,U+6CE5,2,ev_february4#1,姜泥再加鲣鱼拍打
泥,U+6CE5,2,eg_bo_yonda03_03,栗子饭 肥油秋刀鱼配萝卜泥
洪,U+6D2A,2,ev_wed_cl14#1,引发地壳变动，被洪水军势袭击之时哪！
洪,U+6D2A,2,ev_wed_cl15#1,指出了从洪水中逃脱之地！
涮,U+6DAE,2,eg_du_ifrt_at1,消怪涮
涮,U+6DAE,2,eg_du_ifrt_vo1,伊夫里顿：猪涮。
涵,U+6DB5,2,ev_gen_no539#4,工作中没喝所以请多包涵！
涵,U+6DB5,2,ev_gen_no539#10,像发牢骚，没醉所以请多包涵！
淌,U+6DCC,2,eg_cl_eggm_ms1,艾格曼：把当状淌下来了！
淌,U+6DCC,2,eg_cl_eggm_ms11,艾格曼：把当状淌下来了！
淤,U+6DE4,2,mon_f05,坏光的淤滞
淤,U+6DE4,2,dg_telop_mon,——坏光的淤滞——
渗,U+6E17,2,eg_ms_omed_vo1,恭喜鸟：橘子汁渗进眼睛了
渗,U+6E17,2,ev_spring56,啊啊机油渗进各零件呀
澄,U+6F84,2,ev_wed_st03#0,弗莱迪：大气澄得过头了啊！
澄,U+6F84,2,d_wed_0024#1,让心变得澄明
炉,U+7089,2,eg_du_rapp_vo33#1,惑新进败以备终微波炉所以
炉,U+7089,2,eg_bo_boil_at3_kata_10,啊，差不多该把蛋放进微波炉了！
熔,U+7194,2,gameover_all13#1,给我熔毁掉。
熔,U+7194,2,gameover_all24a#2,开始了熔毁！
牢,U+7262,2,ev_gen_no539#10,噢呀噢呀：这话像发牢骚，没醉所以请多包涵！
牢,U+7262,2,d_wed_0019#1,是妖精逃生用的水中牢笼，也！
牵,U+7275,2,menu_mission_fri06#1,牵着走，
牵,U+7275,2,eg_bo_yonda03_04,恋人们手牵着手 在原宿一带约会
狭,U+72ED,2,eg_du_taim_vo3,泰曼：世上狭小哦。居然有这么强的家伙
狭,U+72ED,2,ev_march11#1,的狭小船舱里两人依偎！
狮,U+72EE,2,eg_pw_kimr_vo1#1,山羊狮子蛇
狮,U+72EE,2,dg_common_tekken78#0,勇：像马戏团的狮子那样
猎,U+730E,2,menu_dic_201#7,猎帅哥。
猎,U+730E,2,d_dung_0002#1,就叫寻宝猎人！
玫,U+73AB,2,ev_fri_cl28#0,卡特莉·伊奈：危险的玫瑰是有刺的！
玫,U+73AB,2,ev_solo_uematsu17#1,玫瑰绽放的大地在歌唱
珀,U+73C0,2,d_dung_0040#0,珀尔修斯：哎呀
珀,U+73C0,2,d_dung_0040#3,珀尔修斯：当同伴门儿都没有
瑰,U+7470,2,ev_fri_cl28#0,卡特莉·伊奈：危险的玫瑰是有刺的！
瑰,U+7470,2,ev_solo_uematsu17#1,玫瑰绽放的大地在歌唱
疙,U+7599,2,eg_pw_isgn_ms3#0,葵杰克：的心真正起了鸡皮疙瘩。
疙,U+7599,2,eg_pw_isgn_ms31#0,葵杰克：的心真正起了鸡皮疙瘩。
瘦,U+7626,2,menu_dic_208#6,兴趣特技：瘦下来
瘦,U+7626,2,menu_dic_311#1,会瘦吧！
瘩,U+7629,2,eg_pw_isgn_ms3#0,杰克：的心真正起了鸡皮疙瘩。
瘩,U+7629,2,eg_pw_isgn_ms31#0,杰克：的心真正起了鸡皮疙瘩。
瘴,U+7634,2,thu_f02,瘴之优先1
瘴,U+7634,2,thu_f04,瘴之优先2
皇,U+7687,2,ev_sun_st41e#1,不，该叫阿尔玛之月皇后了吗？
皇,U+7687,2,ev_tue_int03#1,粉底变成皇家奶茶色了哦？
盐,U+76D0,2,ev_end_pre19#0,奈：先来特上牛小排和上舌盐，还有
盐,U+76D0,2,ev_solo_inu24,卡特莉·伊努：盐是！
监,U+76D1,2,ev_gen_no540#4,兼职监督的委托和调试企划
监,U+76D1,2,d_wed_0007#1,我们在监视！
盼,U+76FC,2,eg_we_teru_ms11#0,晴天体马：盼着远足的真昼酱
盼,U+76FC,2,ev_c_call69#2,盼望着。那么，到那天为止。
瞒,U+7792,2,d_dung_0191_3#1,可瞒不过老夫的蛋怪可没有！
瞒,U+7792,2,d_wed_0045#1,若瞒着不说，大家都会被带走！
矜,U+77DC,2,menu_dic_eg_du_hega#1,每天出手，秀出择的踊矜持！
矜,U+77DC,2,eg_du_hega_at2,择的踊矜持
硫,U+786B,2,ev_solo_egg17#1,鲭鱼香水和硫磺会场的连和
硫,U+786B,2,ev_spring75#0,败给硫黄气味的偷窥陷阱的一所
碳,U+78B3,2,eg_bo_fuyu_ms31,冬子：被碳气扑上来了。。
碳,U+78B3,2,eg_bo_fuyu_ms31_b,冬子：被碳气扑上来了。。
祈,U+7948,2,eg_ms_eggb_vo3#0,脉之中啾1800的力量，祈求啾。
祈,U+7948,2,ev_solo_uematsu19#2,祈祷，在被赐予的预言之下
票,U+7968,2,menu_dic_188#6,兴趣特技：五位数彩票
票,U+7968,2,menu_dic_eg_cl_otya#2,一年半前开始买的彩票，好像老中不了！
穗,U+7A57,2,d_dung_0563#2,金牌美穗酱不是吗。
穗,U+7A57,2,d_dung_0566,金牌美穗酱和门钥匙交换了！
窍,U+7A8D,2,menu_dic_eg_du_ifrt#2,怪火、去烤，才是料理的诀窍！
窍,U+7A8D,2,dg_tutorial02#12,在迷宫里活下去的窍门！
籽,U+7C7D,2,test_gameover22#2,大鲔和鲑鱼籽和大鲔和香槟呀
籽,U+7C7D,2,ev_sun_st32#2,大腹和鲑鱼籽和大腹和香槟
粒,U+7C92,2,ev_thu_st33,我体内的线粒体。
粒,U+7C92,2,trump_uzura_ms,变得像豆粒一样小！
纽,U+7EBD,2,eg_le_177_vo2,蛋土箱：噗噗噗纽喵！
纽,U+7EBD,2,ev_gen_no503,纽奥格隆：客气间间间萨波西
绊,U+7ECA,2,d_dung_0428#1,绊住脚，这份工作。
绊,U+7ECA,2,d_dung_0711#2,绊住可能坏大事的你们的脚，
绍,U+7ECD,2,ev_c_call9#0,塞巴斯蒂安：那么，为您介绍
绍,U+7ECD,2,ev_gen_no540#2,秀基：那就，自我介绍！
绑,U+7ED1,2,menu_dic_eg_cl_nalt#1,说曾经被那宇宙的小池星人绑走过，还反击了，
绑,U+7ED1,2,eg_ev_jjdv_d#1,都绑不住运动服恶魔！
绪,U+7EEA,2,ev_gho_prepre07#1,也毫无头绪的家伙啊。
绪,U+7EEA,2,eg_bo_haru_ms31#0,春子：春子的情绪一下子拉满，气势猛地抬起
绳,U+7EF3,2,ev_solo_settlement20#0,安：下个月得稍微勒紧钱包绳子
绳,U+7EF3,2,ev_solo_settlement20a#0,安：下个月得稍微勒紧钱包绳子
缓,U+7F13,2,menu_dic_eg_du_slow#1,用颠覆马之常识的缓慢攻击讨人！
缓,U+7F13,2,eg_tg_flya_ms25#0,欧米茄飞手：欧米茄飞手的缓慢弹。
罩,U+7F69,2,ev_plo_test#13,从笼罩三维世界的危机里承受大伤
罩,U+7F69,2,general_112_w,啊，胸罩歪了！
翔,U+7FD4,2,d_dung_0027#1,以后要在那片天空里自由飞翔！
翔,U+7FD4,2,d_dung_0759#2,带着在天空自由飞翔的珠，最强的怪物！
翩,U+7FE9,2,f_mon_29,梅尔克里：气高清雅、翩然降临之姬，与持蛋者相类
翩,U+7FE9,2,f_mon_34#0,梅尔克里：气高清雅、翩然降临之姬，与持蛋者相类
耸,U+8038,2,menu_dic_eg_du_wall#1,天分泌肾上腺素，硬邦邦地耸立！
耸,U+8038,2,eg_du_wall_ms31#1,硬邦邦地耸立起来。。
肽,U+80BD,2,eg_pw_bari_ms1#1,内啡肽分泌了，攻击上升了。。
肽,U+80BD,2,eg_pw_bari_ms12#1,内啡肽分泌了，攻击上升了。。
肾,U+80BE,2,menu_dic_eg_du_wall#1,每天分泌肾上腺素，硬邦邦地耸立！
肾,U+80BE,2,eg_du_wall_ms31#0,墙人：分泌肾上腺素
肿,U+80BF,2,eg_pk_meds_ms1,美杜莎的脸蛋肿起来了。
肿,U+80BF,2,eg_pk_meds_ms11,美杜莎的脸蛋肿起来了。
脉,U+8109,2,ev_fri_st05#0,梅尔克里：感觉不到大地的脉动！
脉,U+8109,2,eg_ms_eggb_vo3#0,艾格宝宝：血脉之中啾1800的力量，祈
腺,U+817A,2,menu_dic_eg_du_wall#1,每天分泌肾上腺素，硬邦邦地耸立！
腺,U+817A,2,eg_du_wall_ms31#0,墙人：分泌肾上腺素
膊,U+818A,2,eg_ev_zomb_vo1#1,胳膊！
膊,U+818A,2,eg_ev_zomb_vo12,僵尸：胳膊！
膏,U+818F,2,eg_pk_ripn_vo2,唇骑士：哈，红唇膏才是战场力哦
膏,U+818F,2,dg_common_tekken44,勇：睫毛膏
膜,U+819C,2,ev_end_pre19#1,里脊和特上牛小排和上横膈膜，还有
膜,U+819C,2,ev_solo_atashi46#1,读面膜和蜂王浆按摩
芝,U+829D,2,eg_we_cali_at1,芝麻
芝,U+829D,2,eg_we_cali_d,州卷：正在拼命捡掉下来的芝麻！
芽,U+82BD,2,dg_common_tekken30,勇：豆芽中华还
芽,U+82BD,2,dg_common_tekken31,勇：豆芽种吗？
苍,U+82CD,2,menu_dic_eg_ms_drgf#1,进而连苍蝇也忘了，自以为是鯱鉾！
苍,U+82CD,2,eg_du_belz_d#1,苍蝇和蛆虫在哄着！
苔,U+82D4,2,eg_du_hagu_d,走散章鱼小孩：体上的赤海苔也飞进去了。
苔,U+82D4,2,ev_gen_no507,抹茶海苔：经常停在飞行棋那种回到
荆,U+8346,2,menu_mission_mon04b#0,攻陷从荆棘中出现的
荆,U+8346,2,eg_we_pppm_at1,荆棘鞭
荷,U+8377,2,menu_mission_fri05#1,负荷，
荷,U+8377,2,f_fri_50#1,过剩的负荷导致短路了。
莓,U+8393,2,ev_solo_egg15#1,草莓短蛋糕和明逃布丁和千层和
莓,U+8393,2,eg_bo_yonda01_05,草莓白皮书哪怕再一次 连海也
莽,U+83BD,2,gameover_all21#1,不可鲁莽。
莽,U+83BD,2,ev_colosseum97#0,女主播：以鲁莽为傲的小池星人做出的
菌,U+83CC,2,ev_thu_cl20#1,某位科学者用生物技术把细菌兵器
菌,U+83CC,2,ev_thu_cl41#2,细菌兵器的开发者！
菠,U+83E0,2,f_sun_33#1,就像钻进鼻子里的菠萝一样
菠,U+83E0,2,general_11_w#1,话说，这不是菠萝吗？
葬,U+846C,2,eg_ms_170_ms3,之三：这种程度都能轻易埋葬，是相当强大的武器。
葬,U+846C,2,eg_ms_eggb_w#1,又埋葬了一个啾——。。
葱,U+8471,2,ev_solo_atashi11#0,卡特莉·伊奈：洋葱呛到眼睛也没关系呀
葱,U+8471,2,ev_solo_inu25#0,卡特莉·伊努：葱，然后是什么来着？
蔷,U+8537,2,planet_01_help#1,蔷薇之金所协的星
蔷,U+8537,2,general_18_w,这胜利，献给蔷薇与古改间。
薄,U+8584,2,menu_trump025#0,用薄片力量
薄,U+8584,2,trump_gekiryu_ms,用薄片力量敲起了风。
薇,U+8587,2,planet_01_help#1,蔷薇之金所协的星
薇,U+8587,2,general_18_w,这胜利，献给蔷薇与古改间。
藤,U+85E4,2,ev_colosseum30#1,先生，把佐藤先生地狱
藤,U+85E4,2,ev_gen_no541#0,伊藤贤：浪漫沙加 吟游诗人之
蚓,U+8693,2,d_dung_0429#1,蚯蚓！
蚓,U+8693,2,d_dung_0433#0,人：你们快死的时候也吃蚯蚓吧！
蚯,U+86AF,2,d_dung_0429#1,蚯蚓！
蚯,U+86AF,2,d_dung_0433#0,的人：你们快死的时候也吃蚯蚓吧！
蜇,U+8707,2,ev_solo_settlement18#0,塞巴斯蒂安：哭丧着脸还挨蜇，不过
蜇,U+8707,2,ev_solo_settlement18a#0,塞巴斯蒂安：哭丧着脸还挨蜇，不过
蝴,U+8774,2,menu_dic_eg_cv_atom#2,服装、齐刘海和巨大的蝴蝶结，是状道与商军的兴趣
蝴,U+8774,2,menu_dic_eg_pk_miju_#0,蝴蝶结很可爱的、欧伊汁的侄
螃,U+8783,2,ev_gho_int_c10,四次元人：螃蟹也好！
螃,U+8783,2,ev_ending82#0,螃蟹也好。
蟹,U+87F9,2,ev_gho_int_c10,四次元人：螃蟹也好！
蟹,U+87F9,2,ev_ending82#0,螃蟹也好。
裕,U+88D5,2,ev_gho_cl_c25#1,连余裕都没有啊！
裕,U+88D5,2,general_49_l,似乎稍微有点余裕！
训,U+8BAD,2,eg_ev_lvid_ms2#0,卢比德：做了阵训，全部威力上升了。。
训,U+8BAD,2,d_fri_0011#1,抓住好好教训一顿。
讯,U+8BAF,2,ev_ending42#0,弗莱迪：而且这通讯是全世界
讯,U+8BAF,2,boss_atom_actmenu#2,来自地球的讯息
访,U+8BBF,2,dg_boss98_mes#0,？？？？你们再往前探访
访,U+8BBF,2,d_egg_ev02_07#0,蛋世界大王：我们寻访了各种各样的星
评,U+8BC4,2,menu_trump093#0,对评价（？）的
评,U+8BC4,2,ev_sun_st28#1,实在太受好评了
诊,U+8BCA,2,eg_we_drug_at2,诊察
诊,U+8BCA,2,d_dung_0191_4#2,老夫一并诊断！
谣,U+8C23,2,ev_gen_no499#3,鲁余：果然是谣言呢。。。
谣,U+8C23,2,d_sun_0017,喂，听说是谣言
谭,U+8C2D,2,menu_dic_462#0,来自《放浪冒险谭》的
谭,U+8C2D,2,menu_dic_501#0,来自《放浪冒险谭》的
谷,U+8C37,2,menu_mission_mon03b#0,谷已经消失了。
谷,U+8C37,2,f_mon_11#0,塞巴斯蒂安：在意的是那个谷！
赐,U+8D50,2,ev_solo_uematsu19#2,祈祷，在被赐予的预言之下
赐,U+8D50,2,d_wed_0014#1,眠姬大人就会赐下圣水！
践,U+8DF5,2,ev_end_pre04#1,美丽姿容被践踏者的怒火终于爆发。
践,U+8DF5,2,ev_end_pre12#1,美丽姿容被践踏者的怒火终于爆发。
蹬,U+8E6C,2,eg_pw_bari_ms2#0,巴里·蟾蜍激烈地蹬，
蹬,U+8E6C,2,eg_pw_bari_ms21#0,巴里·蟾蜍激烈地蹬，
辙,U+8F99,2,d_dung_0493#1,也就是说，我也没辙的啦！
辙,U+8F99,2,d_dung_0507#1,也就是说，我也没辙的啦！
辟,U+8F9F,2,f_mon_14_5#6,开辟道路的其他手段也找不到！
辟,U+8F9F,2,f_mon_14_7#1,开辟道路的其他手段也找不到！
迁,U+8FC1,2,d_dung_0697#1,迁到了这里！
迁,U+8FC1,2,d_dung_0698#1,把妖精迁了过来！
迅,U+8FC5,2,ev_ear_cl13#1,相关人员请迅速退避。
迅,U+8FC5,2,d_wed_0031#1,便能迅速走上解脱之路
迫,U+8FEB,2,ev_ear_bs10#1,没法强迫！
迫,U+8FEB,2,eg_bo_emtp_vo35#0,艾格妈妈：TYPE-0：迫不得已！
述,U+8FF0,2,boss_ata8_que_19#1,内容，也没有形谁力今被复述的占攻！
述,U+8FF0,2,dg_common_CanWarp_fst#7,当立于吾之名，以吾之名述说
逆,U+9006,2,eg_pw_isgn_vo2,：这就是摔角手小军的喜闘逆水平——。。
逆,U+9006,2,eg_pw_isgn_vo21#1,是用逆水平测力间的呢！
逐,U+9010,2,menu_dic_234#3,擅长：追逐梦想的
逐,U+9010,2,ev_gho_bs41,艾格妈妈：立即驱逐。
逝,U+901D,2,general_76_w,这胜利，总有一天也会消逝！
逝,U+901D,2,gameover_all24c#0,仿佛永恒的时间流逝，
钝,U+949D,2,menu_trump028#1,动作变得迟钝！
钝,U+949D,2,eg_du_zoud_d#1,对痛好像很钝感！
钧,U+94A7,2,f_fri_59,马蒂斯：千钧一发安全了！
钧,U+94A7,2,d_egg_ev09_06#1,传说蛋在千钧一发之际
铅,U+94C5,2,menu_dic_564#4,是铅笔的话！
铅,U+94C5,2,boss_ata8_que_15,中美合：读铅字就会平静下来？
铎,U+94CE,2,menu_dic_eg_du_jido#0,拥有吉铎里姆合金身体的、有能人间
铎,U+94CE,2,eg_du_jido_d,有能战士：吉铎里姆合金的身体连一道伤都
铭,U+94ED,2,ev_solo_disappear19#1,为座右铭侍奉殿下的人生！
铭,U+94ED,2,ev_solo_disappear19a#1,为座右铭侍奉殿下的人生！
锏,U+950F,2,sysmes_battle_command#4,杀手锏
锏,U+950F,2,menu_battle_help_mes4,孤注一掷的「杀手锏」攻击！
锣,U+9523,2,sysmes_sound_list#26,锣
锣,U+9523,2,menu_tutorial_mes20a,塞巴斯蒂安：那么，锣响之后战斗就开始的说。
間,U+9593,2,sysmes_battle_status#11,間
間,U+9593,2,sysmes_battle_status_enemy#11,間
闷,U+95F7,2,eg_bo_haru_vo1_5,春子：诶嘿哟别闷闷不乐哟春子加油4哟
隙,U+9699,2,menu_dic_eg_pk_pegg#2,那造气一把抓住人，抓准空隙体谁！
隙,U+9699,2,gho_f02,次元的缝隙
障,U+969C,2,eg_cv_mkai_ms31,妇：机械医生夫妇报告了故障！
障,U+969C,2,d_wed_0022#1,无论怎样的障碍
顽,U+987D,2,menu_dic_eg_cl_ugok#0,不动如山！总之是头顽固的猴子！
顽,U+987D,2,menu_dic_eg_cv_mugo#0,不动如山！总之是头顽固猴子的机械！
颂,U+9882,2,ev_c_call11#1,称颂友情的4作品
颂,U+9882,2,ev_c_call12#1,称颂友情的4作品
频,U+9891,2,menu_dic_eg_ms_popi#1,波宾科的大流行，这几年却频发了！
频,U+9891,2,gameover_h01#0,斯蒂安：嗯，果然有料成人频道
饱,U+9971,2,sysmes_sound_list#25,饱嗝
饱,U+9971,2,eg_ms_fbby_ms21#1,吃饱了，攻击上升了。。
饷,U+9977,2,ev_solo_settlement02#1,付给部队的军饷　波奇利
饷,U+9977,2,ev_solo_settlement02a#1,付给部队的军饷　波奇利
驭,U+9A6D,2,menu_dic_eg_le_excv#1,一直在找能驾驭自己的勇体，
驭,U+9A6D,2,menu_dic_eg_le_excv#2,不来用！不，失马！没有驾驭得了的人！
驼,U+9A7C,2,dg_common_tekken14,勇：骑着骆驼
驼,U+9A7C,2,dg_common_tekken15,勇：乐驼了！
骄,U+9A84,2,menu_dic_272#4,最大的骄傲！
骄,U+9A84,2,eg_cl_106_w#1,当成骄傲！
魄,U+9B44,2,ev_gho_int_a27#0,巴斯蒂安：这是男子汉的气魄的说
魄,U+9B44,2,ev_c_call28#1,剩下那一半的气魄。
鲭,U+9CAD,2,ev_october3#1,松茸和回游鲣鱼和松茸和鲭鱼和
鲭,U+9CAD,2,ev_solo_egg17#1,鲭鱼香水和硫磺会场的连和
鲷,U+9CB7,2,eg_du_taim_w,泰曼：鲷的鲷，说的就是这泰曼。
鸭,U+9E2D,2,ev_ending133,梅尔克里：巢鸭的拔刺地藏在叫吾哪！
鸭,U+9E2D,2,ev_march9#1,鱼翅和竹荪和鱼翅和北京鸭和
鸽,U+9E3D,2,eg_du_teng_ms2#0,小天狗：鸽子一副吃了气勇殿的生
鸽,U+9E3D,2,eg_du_teng_ms21#0,小天狗：鸽子一副吃了气勇殿的生
鹫,U+9E6B,2,dg_common_tekken26,勇：秃鹫在
鹫,U+9E6B,2,dg_common_tekken28,勇：秃鹫在
丸,U+4E38,3,eg_du_frkn_debug#0,福丸语音
丸,U+4E38,3,ev_june17#1,那就去丸井。
丸,U+4E38,3,ev_solo_inu44#1,不好玩，就在丸井买了超多
九,U+4E5D,3,gameover_pro18#0,长达十九年半的战争结束，
九,U+4E5D,3,ev_gen_no524#0,北九：军反出场挺有趣！
九,U+4E5D,3,ev_gen_no524#2,北九：工作除了书本，还有各种
云,U+4E91,3,menu_dic_316#6,兴趣特技：天丛云
云,U+4E91,3,eg_pw_116_ms1#0,豚悟空：体复出现的筋斗云轰隆轰隆！
云,U+4E91,3,eg_pw_116_vo1,豚悟空：轰吧。筋斗云——。
伫,U+4F2B,3,boss_eggboil_actmenu#0,静静伫立
伫,U+4F2B,3,eg_bo_egg_at3,静静伫立
伫,U+4F2B,3,eg_bo_egg_ms1,煮蛋：煮蛋静静伫立着！
佛,U+4F5B,3,gameover_all24c#0,仿佛永恒的时间流逝，
佛,U+4F5B,3,ev_mini_fri08#1,仿佛做了什么梦
佛,U+4F5B,3,ev_mini_fri10#1,仿佛做了什么梦！
侄,U+4F84,3,menu_dic_eg_ev_oiju#0,现在，侄女蛋怪梅汁
侄,U+4F84,3,menu_dic_eg_ev_oiju#2,写给侄女的土映队中，最近好像也
侄,U+4F84,3,menu_dic_eg_pk_miju_#0,蝴蝶结很可爱的、欧伊汁的侄女！
侦,U+4FA6,3,menu_tutorial_sun_01#0,塞巴斯蒂安：据侦察情报，
侦,U+4FA6,3,f_sun_01#0,塞巴斯蒂安：据侦察情报，
侦,U+4FA6,3,ev_mon_st47#1,侦察来的报告。
刨,U+5228,3,eg_ms_fbby_ms2,宝：霜之宝宝大口吃了高级刨冰。。
刨,U+5228,3,eg_ms_fbby_ms22#0,也请人吃了刨冰。
刨,U+5228,3,eg_ms_fbby_ms23#0,也请人吃了刨冰。
午,U+5348,3,menu_dic_30#6,兴趣特技：午饭有酸奶
午,U+5348,3,menu_trump122#0,假日午后真想
午,U+5348,3,ev_ear_st40#1,像在午睡了的说！
卑,U+5351,3,menu_dic_180#4,有点自卑！
卑,U+5351,3,ev_tue_st86,卡特莉·伊奈：多么卑劣的家伙啊。
卑,U+5351,3,f_ear_04,马蒂斯：比贾多还卑鄙的家伙。
叩,U+53E9,3,eg_ev_lucu_ms1#0,尔：卢丘费尔少中发生了明叩
叩,U+53E9,3,eg_ev_lucu_ms11#0,尔：卢丘费尔少中发生了明叩
叩,U+53E9,3,eg_le_ares_ms2,待分的剑，发生了中逃的明叩。
吟,U+541F,3,ev_gho_int_c15#1,靠反复吟咏才能感到冲击
吟,U+541F,3,ev_gen_no541#0,伊藤贤：浪漫沙加 吟游诗人之歌
吟,U+541F,3,d_dung_0509#2,听见那边在呻吟！
咽,U+54BD,3,eg_du_kure_at1,狼吞虎咽
咽,U+54BD,3,eg_du_kure_ms1,给我给我：狼吞虎咽地吃了。
咽,U+54BD,3,eg_du_kure_ms12,给我给我：狼吞虎咽地吃了。
售,U+552E,3,ev_ear_cl50,去年发售了FF十八-2！
售,U+552E,3,ev_ending122#1,从发售等到现在你以为过多久。？
售,U+552E,3,ev_gen_no541#1,2005年春发售。请多关照。。
啸,U+5578,3,eg_we_pppm_ms1,刺刺猪：鞭子呼啸着飞出来。
啸,U+5578,3,eg_we_pppm_ms12#0,刺刺猪：鞭子呼啸着飞出来。
啸,U+5578,3,eg_we_pppm_ms13#0,刺刺猪：鞭子呼啸着飞出来。
善,U+5584,3,menu_tutorial_mes10#1,妥善完成之后，
善,U+5584,3,ev_sun_st40,旁白：请务必善加利用。
善,U+5584,3,ev_gen_no542,善治：Pekitorame
喉,U+5589,3,eg_cl_otya_ms33,泡饭：大叔泡饭把汤汁卡在喉咙里，能力下降。
喉,U+5589,3,eg_we_momo_l,里斯：莫莫里斯把这次卡在喉咙里了！
喉,U+5589,3,d_wed_0030#1,只靠圣水润喉的觉悟
嘭,U+562D,3,eg_du_zoud_vo2,象大王：啪哦啪哦——肚子嘭嘭嘭。。
噫,U+566B,3,eg_du_batg_vo1,人：这明负收下了。打繰了噫——。。
噫,U+566B,3,eg_bo_aki_vo3_3,秋子：耶——噫。。
噫,U+566B,3,ev_comp_gen18,明松：噫。
囊,U+56CA,3,ev_ear_st66#1,把那窝囊的选择给结束掉。
囊,U+56CA,3,eg_bo_boil_vo81,四次元煮蛋：给尔等变成窝囊废4！
囊,U+56CA,3,d_dung_0392#1,星·浪漫那窝囊王族的我
圾,U+573E,3,menu_dic_34#6,兴趣特技：有垃圾的话
圾,U+573E,3,ev_thu_cl13#1,力量都会变成垃圾食品的。
圾,U+573E,3,eg_bo_motk_vo37,莫特·库蒙：垃圾食品最喜欢4。
坞,U+575E,3,ev_tue_st47#1,号称好莱坞金牌的那个？
坞,U+575E,3,ev_fri_pre02#2,德·奥马尔，驶入了无人船坞！
坞,U+575E,3,ev_c_call61#0,：现在，我呀以主角在好莱坞
垃,U+5783,3,menu_dic_34#6,兴趣特技：有垃圾的话
垃,U+5783,3,ev_thu_cl13#1,力量都会变成垃圾食品的。
垃,U+5783,3,eg_bo_motk_vo37,莫特·库蒙：垃圾食品最喜欢4。
垢,U+57A2,3,eg_ev_gera_ms1,盖拉斯：盖拉斯用积满垢的爪挠了。
垢,U+57A2,3,eg_ev_gera_ms12#0,盖拉斯：被盖拉斯积满垢的爪挠到，
垢,U+57A2,3,eg_ev_gera_ms13#0,盖拉斯：被盖拉斯积满垢的爪挠到，
垫,U+57AB,3,ev_solo_inu42#1,先垫上行吗？
垫,U+57AB,3,ev_solo_inu43#2,先垫上？
垫,U+57AB,3,ev_solo_inu45#2,那个先垫上？
埃,U+57C3,3,menu_dic_273#6,兴趣特技：埃克纳部队！
埃,U+57C3,3,menu_dic_eg_ev_deat#2,为了不忘，定期嘀咕着「尼埃本诺」！
埃,U+57C3,3,ev_gen_no543,埃纳尔克：俺是好人！
培,U+57F9,3,ev_ending141#2,和鲑鱼子和河豚全餐再加堂培里雍
培,U+57F9,3,ev_end_pre19#2,牛小排和极上西冷，再来唐培里侬呀
培,U+57F9,3,ev_march9#2,鱼翅和燕窝，还有鱼翅和唐培里侬呀
塌,U+584C,3,menu_dic_eg_cl_akem#0,地面坍塌以外的剑术没他出场的份，
塌,U+584C,3,eg_ev_cand_d,蜡滴：蜡软塌塌地垂下来。
墨,U+58A8,3,menu_dic_251#7,赫耳墨斯大人！
墨,U+58A8,3,eg_cl_hade_vo27,派手斯：这乌贼墨。真乌贼。
墨,U+58A8,3,eg_le_oden_d,奥炖：墨稍微漏出来了。
壮,U+58EE,3,menu_monthly_hensei_power#1,尽是些强壮的蛋怪的说！
壮,U+58EE,3,ev_thu_st06#2,笑着壮胆才是最好的。
壮,U+58EE,3,eg_ms_kken_w#1,健壮男子汉呢
奔,U+5954,3,menu_dic_eg_we_drug#1,为她奔过饮道投世的战士，德拉贡
奔,U+5954,3,ev_sun_st71#0,塞巴斯蒂安：亲自奔赴战场，守护国家。
奔,U+5954,3,f_sun_30#0,塞巴斯蒂安：我们奔赴战场的时候
妒,U+5992,3,menu_dic_eg_du_dkef#2,与其说是怨恨，不如说是嫉妒！
妒,U+5992,3,ev_thu_cl78#2,稍微有点嫉妒了吗？
妒,U+5992,3,ev_mon_pre02#1,战局，与卡特莉·伊奈的嫉妒。
姑,U+59D1,3,ev_march25#0,卡特莉·伊努：姑且收下！
姑,U+59D1,3,ev_spring5a,的能力姑且恢复了。
姑,U+59D1,3,d_dung_0777#1,当时可是水灵灵的姑娘！
嫉,U+5AC9,3,menu_dic_eg_du_dkef#2,，与其说是怨恨，不如说是嫉妒！
嫉,U+5AC9,3,ev_thu_cl78#2,稍微有点嫉妒了吗？
嫉,U+5AC9,3,ev_mon_pre02#1,的战局，与卡特莉·伊奈的嫉妒。
孵,U+5B75,3,eg_ms_popi_ms1#0,波宾科：波宾科的蛋一齐孵化了。
孵,U+5B75,3,eg_ms_popi_ms3ms#0,波宾科：波宾科的蛋偏着孵化了。
孵,U+5B75,3,eg_ms_popi_ms3os#0,波宾科：波宾科的蛋偏着孵化了。
尚,U+5C1A,3,memcard_format_ask#1,尚未格式化！
尚,U+5C1A,3,sysmes_battle_menu#5,尚未配置蛋怪
尚,U+5C1A,3,eg_cv_bari_vo3#0,巴里佐贡：时尚品味也没有钱，也没有恋人
岩,U+5CA9,3,eg_pw_rddr_at2,岩浆吐息
岩,U+5CA9,3,eg_pw_rddr_ms2,红龙：岩浆之炎把人吞进去了。
岩,U+5CA9,3,eg_pw_rddr_ms21,红龙：岩浆之炎把人吞进去了。
巅,U+5DC5,3,eg_pw_moon_at3,巅峰塑造
巅,U+5DC5,3,eg_pw_moon_r2#1,新招·巅峰塑造记住了。。
巅,U+5DC5,3,eg_pw_full_at3,巅峰塑造
川,U+5DDD,3,ev_solo_uematsu22#6,4田川
川,U+5DDD,3,ev_gen_no509#0,川托琳：结婚前真好啊！钱能
川,U+5DDD,3,ev_gen_no509#1,川托琳：好想加薪零花钱啊…
庞,U+5E9E,3,ev_gho_prepre04#1,那庞大的身影，简直像一头鲸。
庞,U+5E9E,3,ev_gho_prepre07#0,弗莱迪：俺那庞大的数据库里
庞,U+5E9E,3,ev_march42#1,传闻是庞大得不得了的敌号星哪！
廊,U+5ECA,3,wed_f03,回廊
廊,U+5ECA,3,wed_f03_help#1,心成回廊的地
廊,U+5ECA,3,d_fri_0006#0,这种长走廊的尽头
弊,U+5F0A,3,ev_tue_int04#1,将军们也疲弊了！
弊,U+5F0A,3,ev_solo_ken26#1,的是作弊。
弊,U+5F0A,3,ev_solo_ken28#1,说作弊的话，哪里不对
征,U+5F81,3,menu_dic_122#4,一起征服世界。
征,U+5F81,3,menu_dic_160#4,征服着世界！
征,U+5F81,3,d_sun_0069#1,征服全宇宙的
律,U+5F8B,3,eg_we_srma_at2,？站的旋律
律,U+5F8B,3,ev_solo_uematsu15#13,战栗的旋律
律,U+5F8B,3,ev_solo_uematsu15a#13,战栗的旋律
惩,U+60E9,3,ev_thu_cl44#2,那是对吾所造成的今日的惩罚，吾做好了觉悟！
惩,U+60E9,3,eg_du_tmse_vo11#4,透明战队：黑黑惩罚。
惩,U+60E9,3,eg_ms_kken_vo31#0,克拉肯：惩罚的时间到了！
扛,U+625B,3,menu_dic_37#6,兴趣特技：这张脸能扛事
扛,U+625B,3,menu_dic_eg_du_elf#1,把村里大家的期待一肩扛上，在人的脸之下战斗！
扛,U+625B,3,ev_wed_bs19#1,连超越种族的力量也扛住之时
拆,U+62C6,3,menu_dic_eg_we_ttya#1,如今从电视映那儿，拆段子的邀约复了！
拆,U+62C6,3,menu_dic_eg_we_ttya#2,总之从使踊的地方拆起，能撑到何时呢！
拆,U+62C6,3,eg_cv_bari_at1,拆穿
拌,U+62CC,3,ev_march3#1,稍微失手，豆瓣酱和拌海胆
拌,U+62CC,3,ev_solo_atashi18#1,韭菜大蒜鸡蛋拌鲜奶油哟呀
拌,U+62CC,3,ev_solo_inu36#0,莉·伊努：超简单，米饭也拌进去好了！
挪,U+632A,3,catori_tutorial#5,就能连星球一起挪到各种据点去的说！
挪,U+632A,3,eg_pw_nymp_ms123,宁芙把目光挪开了。
挪,U+632A,3,eg_pw_nymp_ms124,宁芙把目光挪开了。
挽,U+633D,3,ev_ending35#0,总统：对你们做了无法挽回的事！
挽,U+633D,3,ev_colosseum54#1,环境已恶化到无法挽回的惨状！
挽,U+633D,3,ev_colosseum83#1,环境已恶化到无法挽回的惨状！
掳,U+63B3,3,menu_trump007#1,掳走一名部队成员！
掳,U+63B3,3,ev_tue_st81#2,掳走了。
掳,U+63B3,3,trump_kyatoru_ms#1,把人掳走了！
摘,U+6458,3,menu_dic_eg_pk_yayo#2,——摘自蛋怪婚礼策划人——
摘,U+6458,3,ev_mon_cl27#1,戴上又摘下的！
摘,U+6458,3,ev_solo_atashi6#1,到下辈子都不会摘下来要戴着呀。
政,U+653F,3,ev_plo_test#10,作为摄政在说话！
政,U+653F,3,ev_ending32#1,从整备中发生的、军部政变
政,U+653F,3,ev_march16#1,操心星球财政赤字，作为女王
旺,U+65FA,3,ev_sun_st68#2,已经燃烧得比怪陨石还旺了啦
旺,U+65FA,3,ev_mon_st18#2,才把战斗精神烧得这么旺
旺,U+65FA,3,d_dung_0027#0,旺：俺总有一天要入手自己的
昂,U+6602,3,ev_gho_int_b34#0,四次元人：帕昂。居然
昂,U+6602,3,d_dung_0020#0,莱昂哈特：俺
昂,U+6602,3,d_dung_0021#0,莱昂哈特：可是，为了和平
杂,U+6742,3,menu_dic_108#6,兴趣特技：杂活什么都干
杂,U+6742,3,dg_boss99_1_mes#0,？？？？憎恶复仇复杂的心
杂,U+6742,3,d_dung_0271#1,构造非常复杂！
杖,U+6756,3,eg_du_skdr_at1,用手杖打
杖,U+6756,3,eg_we_ebis_at3,闪耀惠比杖
杖,U+6756,3,eg_we_ebis_r#1,新招·闪耀惠比杖记住了。。
柯,U+67EF,3,eg_ms_tiky_vo2#1,地球人：伊格柯泰尔。
柯,U+67EF,3,eg_ms_tiky_vo2_man#1,地球酱：地球人：伊格柯泰尔。
柯,U+67EF,3,eg_ms_tiky_vo2_woman#1,地球酱：地球人：伊格柯泰尔。
棘,U+68D8,3,menu_mission_mon04b#0,攻陷从荆棘中出现的
棘,U+68D8,3,eg_du_skdr_d,龙：对日常的年轻人，感到棘手。
棘,U+68D8,3,eg_we_pppm_at1,荆棘鞭
椅,U+6905,3,eg_cv_yata_at2,椅子导弹
椅,U+6905,3,eg_cv_yata_ms2,屋台达：事小的椅子飞出去了。
椅,U+6905,3,eg_cv_yata_vo2,屋台达：屋台达。椅子导弹射。。
榴,U+69B4,3,eg_pw_boka_at3,榴弹加农
榴,U+69B4,3,eg_pw_boka_r2#1,新招·榴弹加农记住了。。
榴,U+69B4,3,ev_solo_atashi30#1,鱼翅和榴莲的万魔殿风
橙,U+6A59,3,menu_tutorial_mes18#1,橙色的计量条里可以操作确认
橙,U+6A59,3,ev_thu_cl08#0,雅：净喝血橙汁
橙,U+6A59,3,ev_ending131,彭普蒂：地球的血橙汁怎么样？
欣,U+6B23,3,ev_mon_st53#1,心怀归来、欣然把人送上战场
欣,U+6B23,3,ev_gho_cl_a59#1,啊，诸位啊愿化为梦。。请欣赏！
欣,U+6B23,3,ev_colosseum99#0,女主播：以上，承蒙欣赏的
殊,U+6B8A,3,menu_trump_special_category#0,特殊类王牌！能造成状态
殊,U+6B8A,3,menu_tutorial_mes12#0,分成装备、攻击、回复、特殊
殊,U+6B8A,3,d_dung_0200_2#1,好像是特殊成长的类型！
沃,U+6C83,3,eg_bo_atom_vo35,沃尔夫冈豹二世再见。
沃,U+6C83,3,ev_gen_no519#0,赤沃：去开发军真可疑啊！
沃,U+6C83,3,ev_gen_no519#1,赤沃：咦？人和地方说白了？？
浓,U+6D53,3,eg_du_cofe_at2,浓缩咖啡
浓,U+6D53,3,eg_du_cofe_ms2#0,咖啡节拍：喝了浓缩咖啡挑立着！
浓,U+6D53,3,eg_du_cofe_ms21#0,咖啡节拍：喝了浓缩咖啡挑立着！
浮,U+6D6E,3,f_mon_19#2,也就是浮游生物对爱因斯坦。
浮,U+6D6E,3,eg_ev_amon_d,阿蒙：阿蒙浮出上。。
浮,U+6D6E,3,eg_ms_mand_d,曼德拉草：曼德拉草正浮现着如梦的笑脸！
涅,U+6D85,3,menu_dic_272#6,兴趣特技：卡斯塔涅部队
涅,U+6D85,3,ev_gen_no530#0,皮亚皮亚涅：大家好。各位还好吗？
涅,U+6D85,3,ev_gen_no530#1,皮亚皮亚涅：恍惚着对不起！
润,U+6DA6,3,ev_solo_egg6#0,卡特莉·伊奈：滋润干渴心灵
润,U+6DA6,3,dg_telop_08#0,——湿润合现的优初
润,U+6DA6,3,d_wed_0030#1,只靠圣水润喉的觉悟
淇,U+6DC7,3,eg_we_bdhm_d,台达势大知：从甜筒上把冰淇淋弄掉了。
淇,U+6DC7,3,eg_we_bdhm_ms1#1,无数冰淇淋被复出来了。。。
淇,U+6DC7,3,eg_we_bdhm_ms32#0,：屋台达势大知把惑」的冰淇淋
添,U+6DFB,3,menu_dic_342#1,给我的人生添了熟！
添,U+6DFB,3,ev_spring10,卡特莉·伊努：少添乱！
添,U+6DFB,3,dg_tutorial01_5#4,再添多余的尸体！
渴,U+6E34,3,ev_wed_st08#1,口渴了
渴,U+6E34,3,general_70_w,好渴啊！
渴,U+6E34,3,ev_solo_egg6#0,卡特莉·伊奈：滋润干渴心灵
溃,U+6E83,3,menu_tutorial_mes20#1,打倒队长，敌方就会一举溃败的说。
溃,U+6E83,3,test_gameover05#1,梦见阿尔玛之月军被敌军击溃
溃,U+6E83,3,eg_bo_aki_vo1_4#1,（冲击的事实。四次元军溃灭的原因，是萨布罗。。。
漠,U+6F20,3,menu_dic_eg_du_sand#0,起来的东西不太感兴趣的沙漠原人沙虫！
漠,U+6F20,3,eg_du_sand_at2,偷懒沙漠
漠,U+6F20,3,ev_solo_egg5#0,卡特莉·伊奈：心是沙漠的情报社会
炎,U+708E,3,ev_tue_cl44#0,：好，用藏在心里的灵魂之炎
炎,U+708E,3,eg_pw_rddr_ms2,红龙：岩浆之炎把人吞进去了。
炎,U+708E,3,eg_pw_rddr_ms21,红龙：岩浆之炎把人吞进去了。
烤,U+70E4,3,menu_dic_eg_du_ifrt#2,界强的星消里分低怪火、去烤，才是料理的诀窍！
烤,U+70E4,3,ev_end_pre15#1,我呀，想吃烤肉呀
烤,U+70E4,3,trump_kusukan_tk,为了这一天吃了很多烤红薯。
狙,U+72D9,3,eg_pk_156_at3,狙击
狙,U+72D9,3,eg_pk_156_r#1,新招·狙击记住了。。
狙,U+72D9,3,trump_pikkarin_tk,把肚脐藏好。会被狙哦。
玻,U+73BB,3,sysmes_sound_list#22,玻璃
玻,U+73BB,3,menu_trump125#0,玻璃杯里的
玻,U+73BB,3,menu_trump132#0,脏玻璃杯里
璃,U+7483,3,sysmes_sound_list#22,玻璃
璃,U+7483,3,menu_trump125#0,玻璃杯里的
璃,U+7483,3,menu_trump132#0,脏玻璃杯里
皂,U+7682,3,eg_we_buby_at3,奶油皂
皂,U+7682,3,eg_we_buby_l#1,一颗肥皂泡飞到不知哪儿去了！
皂,U+7682,3,eg_we_buby_r2#1,新招·奶油皂记住了。。
盆,U+76C6,3,okunote_meru_ms,的头上掉下来了木盆！
盆,U+76C6,3,okunote_meru_tk,：嗯！出来了哦！是待激木盆哪。
盆,U+76C6,3,ev_solo_caution14#6,盂兰盆
盘,U+76D8,3,menu_dic_309#6,兴趣特技：这盘录像带
盘,U+76D8,3,menu_dic_eg_ms_hfdr#2,盘算着有朝一日把红龙的上半
盘,U+76D8,3,ev_fri_st24#0,特莉·伊奈：数字电视、硬盘录像机
瞪,U+77AA,3,eg_ev_jjdv_ms3#0,动服恶魔：运动服恶魔狠狠瞪了一眼。
瞪,U+77AA,3,eg_ev_jjdv_ms31#0,动服恶魔：运动服恶魔狠狠瞪了一眼。
瞪,U+77AA,3,eg_ev_jjdv_ms32,动服恶魔：运动服恶魔狠狠瞪了一眼。
矗,U+77D7,3,fri_f03_help#1,无人的况入矗立着
矗,U+77D7,3,tue_f03_help#0,从前矗在：的连之上
矗,U+77D7,3,ev_gho_pla02,弗莱迪：简直是矗立着的一坨啊。
砰,U+7830,3,eg_du_bobo_vo1_3,勃勃鸟：呼呼砰。呼砰。
砰,U+7830,3,okunote_yoiko_tk#0,咚咔。啪唧。砰。咯嘣咯嘣。哗。
碾,U+78BE,3,eg_pw_roll_ms1#0,压路杀手：压路杀手一边碾，
碾,U+78BE,3,eg_pw_roll_ms2,压路杀手：以疼痛的份，用碾压在界效报了仇。
碾,U+78BE,3,okunote_park_ms,被过山车碾了……
祓,U+7953,3,menu_dic_eg_cl_lamp#0,靠给蛋做祓除来维持生计！
祓,U+7953,3,eg_cl_lamp_at3,祓除
祓,U+7953,3,eg_cl_lamp_r2#1,新招·祓除记住了。。
秃,U+79C3,3,eg_cl_hade_vo11,派手斯：秃的斯明
秃,U+79C3,3,dg_common_tekken26,勇：秃鹫在
秃,U+79C3,3,dg_common_tekken28,勇：秃鹫在
竹,U+7AF9,3,menu_dic_eg_le_ares#2,连竹荚鱼的早作卸也掌握了的他
竹,U+7AF9,3,menu_dic_eg_we_brav#1,在那儿和青梅竹马的心（9岁）揺喜，终于
竹,U+7AF9,3,ev_march9#1,鱼翅和竹荪和鱼翅和北京鸭和
笔,U+7B14,3,menu_dic_113#7,一大笔钱！
笔,U+7B14,3,menu_dic_564#4,是铅笔的话！
笔,U+7B14,3,ev_solo_traning6#1,那笔钱，用到阿尔玛之月的金库
笼,U+7B3C,3,menu_dic_373#6,兴趣特技：也就是印笼吧！
笼,U+7B3C,3,ev_plo_test#13,从笼罩三维世界的危机里承受大
笼,U+7B3C,3,d_wed_0019#1,是妖精逃生用的水中牢笼，也！
筋,U+7B4B,3,eg_pw_116_ms1#0,豚悟空：体复出现的筋斗云轰隆轰隆！
筋,U+7B4B,3,eg_pw_116_vo1,豚悟空：轰吧。筋斗云——。
筋,U+7B4B,3,eg_ev_lvid_ms1,卢比德：一根筋的反事，让卢比德的枪況了
筝,U+7B5D,3,menu_dic_115#1,放超大的风筝。
筝,U+7B5D,3,menu_dic_115#3,擅长：大地上的放风筝
筝,U+7B5D,3,menu_dic_115#6,兴趣特技：让人乘着风筝
箍,U+7B8D,3,eg_pw_116_ms2#0,豚悟空：金箍棒合了！
箍,U+7B8D,3,eg_pw_116_vo2,豚悟空：伸吧。金箍棒——。
箍,U+7B8D,3,general_102_w,糟了！自制的箍要崩了！
粘,U+7C98,3,eg_cv_paz3_ms12#1,可身体还紧紧粘在一起！
粘,U+7C98,3,eg_cv_paz3_ms33#1,果然还是粘在一起的世界啊。
粘,U+7C98,3,eg_tg_omeg_d3,欧米茄：粘。驾驶舱的鸣门化开了！
纯,U+7EAF,3,menu_dic_eg_du_slow#0,被叫作？欲纯种马也已经是以前的事！
纯,U+7EAF,3,eg_du_slow_w,慢肯塔：由…的纯种马之力。知道了吧。
纯,U+7EAF,3,d_egg_ev06_04#1,是因为那是怀着纯洁之心的
纵,U+7EB5,3,menu_mission_mon02#0,一边巧妙操纵
纵,U+7EB5,3,ev_mon_bs20#0,浪漫女王：纵被称为才媛
纵,U+7EB5,3,ev_fri_st14#1,似乎有操纵这些机械的人呢。
绅,U+7EC5,3,menu_dic_eg_du_caml#0,对妆容也讲究身姿的绅士！
绅,U+7EC5,3,eg_du_caml_d#0,变色龙人：因为是绅士，
绅,U+7EC5,3,eg_du_caml_vo3,变色龙人：绅士的玩，来收情一招！
绕,U+7ED5,3,ev_plo_test#45,来段绕口令吧！
绕,U+7ED5,3,eg_le_hdes_w,哈迪斯：绕过恐怖，在死渊边沉睡。
绕,U+7ED5,3,eg_ms_mand_ms3,德拉草：曼德拉草用立体环绕声悲鸣了。。
综,U+7EFC,3,menu_dic_47#6,兴趣特技：那种综艺
综,U+7EFC,3,menu_dic_eg_pw_broc#2,最近综艺节目来的工作阵赖也很少
综,U+7EFC,3,dg_common_tekken71#1,像综艺节目一样！
罐,U+7F50,3,menu_dic_43#6,兴趣特技：来玩踢罐子吧！
罐,U+7F50,3,menu_dic_eg_le_hniw#2,可爱变形的弱的罐咖啡，是最近的心头好！
罐,U+7F50,3,bmenu_10#0,这样只好破罐破摔。
羽,U+7FBD,3,eg_du_bobo_at1,火焰羽
羽,U+7FBD,3,eg_du_bobo_ms1#0,勃勃鸟：拔下燃白的自己的羽
羽,U+7FBD,3,eg_du_bobo_ms11#0,勃勃鸟：拔下燃白的自己的羽
聘,U+8058,3,menu_dic_23#6,兴趣特技：诶，部队招聘？
聘,U+8058,3,menu_dic_65#0,参加动机：招聘映入眼帘
聘,U+8058,3,menu_dic_82#7,我会穿招聘套装！
肃,U+8083,3,ev_thu_cl56#0,斯蒂安：半熟史上罕见的严肃展开
肃,U+8083,3,ev_thu_cl84,塞巴斯蒂安：再怎么说，严肃下去
肃,U+8083,3,ev_gho_pre02#0,面对那严肃的身影，笑话会变少吗？
肢,U+80A2,3,eg_pk_tmni_ms21#1,胳肢了一下。
肢,U+80A2,3,eg_pk_tmni_ms212#1,胳肢了一下。
肢,U+80A2,3,eg_pk_tmni_vo2,透明人：胳肢一下啦。
肤,U+80A4,3,eg_cv_cann_w,一号：紫外线对皮肤不好！
肤,U+80A4,3,eg_ms_kken_ms2#0,克拉肯：克拉肯滑溜溜的肌肤闪闪发亮。
肤,U+80A4,3,eg_ms_kken_ms21#0,克拉肯：克拉肯滑溜溜的肌肤闪闪发亮。
胁,U+80C1,3,menu_mission_ear02#0,最大的威胁
胁,U+80C1,3,ev_tue_st82#0,马蒂斯：贾多威胁父亲
胁,U+80C1,3,d_egg_ev09_02#1,危险的兵器会威胁生命！
腋,U+814B,3,eg_ms_snyt_ms2#1,咯吱了腋下！
腋,U+814B,3,eg_ms_snyt_ms21#1,咯吱了腋下！
腋,U+814B,3,dg_common_tekken37,勇：腋毛吗？
腔,U+8154,3,menu_trump096,变成装腔作势的大人（？）！
腔,U+8154,3,eg_pw_kimr_vo2#3,奇美拉王：那套装腔作势的势。。
腔,U+8154,3,eg_cl_hade_ms1,派手斯：在帮腔吗？
膀,U+8180,3,menu_dic_eg_pw_rddr#0,那翅膀覆着天，吐息把世界变成怪
膀,U+8180,3,eg_pw_rddr_at1,翅膀
膀,U+8180,3,dg_common_tekken70#1,被天使的翅膀吹飞了！
良,U+826F,3,menu_dic_391#0,来自《不良魂！》的
良,U+826F,3,menu_dic_400#0,来自《不良魂！》的
良,U+826F,3,menu_dic_442#0,来自《不良魂！》的
艳,U+8273,3,menu_dic_eg_pw_moon#1,战阵白的客界，一边不垮鲜艳的上生！
艳,U+8273,3,ev_wed_st10#1,相当鲜艳哟滑梯比基尼火箭拳装备
艳,U+8273,3,ev_march13#1,燃烧般的艳遇，经验倒是不想有呀
芥,U+82A5,3,boss_omega_actmenu#4,芥末炸弹
芥,U+82A5,3,eg_tg_omeg_at5,芥末弹
芥,U+82A5,3,eg_tg_omeg_ms5#1,欧米茄用芥末弹反击。。
茎,U+830E,3,d_dung_0230#0,我儿子顺着豆子的茎爬
茎,U+830E,3,d_dung_0232#1,茎变得好大！
茎,U+830E,3,d_dung_0233#1,顺着豆子的茎爬到这儿
茫,U+832B,3,d_dung_0127#0,华人：为了人生迷茫的你
茫,U+832B,3,d_dung_0274#1,有迷茫的人，有找东西的人
茫,U+832B,3,d_egg_ev04_05#1,会迷茫，也会后悔吧？
营,U+8425,3,menu_dic_107#6,兴趣特技：兵营墙上的画
营,U+8425,3,ev_solo_daruma5#0,而且还这么靠近敌部队的本营！
营,U+8425,3,ev_c_call25#0,塞巴斯蒂安：艾格曼的大本营。
蓄,U+84C4,3,menu_dic_202#4,积蓄日常气势！
蓄,U+84C4,3,eg_du_mtro_vo2#1,太早了得再蓄才行。
蓄,U+84C4,3,ev_mini_sun12#1,○蓄力／松开发射
蝶,U+8776,3,menu_dic_eg_cv_atom#2,服装、齐刘海和巨大的蝴蝶结，是状道与商军的兴趣！
蝶,U+8776,3,menu_dic_eg_pk_miju_#0,蝴蝶结很可爱的、欧伊汁的侄女
蝶,U+8776,3,ev_solo_atashi54#1,变成「蝶来蜂往的女王殿」的部队
螈,U+8788,3,ev_gho_int_b24#1,还挺能说的蝾螈4！
螈,U+8788,3,ev_ending116c,雅：蝾螈就是！
螈,U+8788,3,ev_ending118#0,卡特莉·伊奈：蝾螈也好
衅,U+8845,3,eg_bo_natu_ms3#1,在挑衅！
衅,U+8845,3,eg_bo_natu_ms3_b#1,在挑衅！
衅,U+8845,3,ev_col_extra03#2,同时向你挑衅。。
街,U+8857,3,menu_dic_259#6,兴趣特技：歌舞伎之街也
街,U+8857,3,ear_f01_help#1,在市街设置的据点
街,U+8857,3,eg_we_bdhm_w,屋台达势大知：坡上街的和平，由这屋台达势大知
衰,U+8870,3,ev_gho_cl_a98#0,梅尔克里：虽持有衰老的身体
衰,U+8870,3,ev_mini_thu03#1,蝙蝠神经衰弱。
衰,U+8870,3,ev_mini_thu04,播音员：神经衰弱，知道的吧？
袱,U+88B1,3,eg_cl_akem_ms2,明松：用的逃包袱是。。
袱,U+88B1,3,eg_cl_akem_ms21,明松：用的逃包袱是。。
袱,U+88B1,3,eg_cl_akem_vo2,明松：逃包袱是这食。那么殿样攻
触,U+89E6,3,menu_dic_eg_pw_isgn#1,那些各式触手全都使足了劲，所以相当
触,U+89E6,3,f_sun_24#1,也不用担心互相接触！
触,U+89E6,3,f_sun_16#2,也不用担心互相接触！
诲,U+8BF2,3,eg_du_skdr_ms21,骷髅龙：严厉的教诲迸出来了。
诲,U+8BF2,3,eg_du_skdr_ms22#0,骷髅龙：严厉的教诲迸出来了。
诲,U+8BF2,3,eg_du_skdr_ms221#0,骷髅龙：严厉的教诲迸出来了。
谊,U+8C0A,3,ev_ending127c#2,联谊这种系统好像有。
谊,U+8C0A,3,eg_bo_boil_at3_kata_2,京子：诶，真的？一部的联谊的。？哈。？难道
谊,U+8C0A,3,eg_bo_fuyu_vo3_1#0,冬子：特辑的【联谊上钓到新恋】呀
谐,U+8C10,3,menu_dic_eg_pw_yjyu#1,并非因为自己是叶才谐音，
谐,U+8C10,3,eg_cl_hade_at2,谐音
谐,U+8C10,3,dg_common_tekken23,勇：谐了啊！
谨,U+8C28,3,f_fri_15#1,再谨慎进军，似乎有必要呢。
谨,U+8C28,3,f_fri_99,鲁奈：谨慎前进吧。
谨,U+8C28,3,f_fri_pre01#4,防守也会更加谨慎吧！
账,U+8D26,3,ev_gho_cl_a129#0,安：搞笑要等跟那家伙算完账
账,U+8D26,3,eg_du_hega_vo31#2,三姐妹：芋解人来了也不认账哦。
账,U+8D26,3,ev_solo_ken50,波奇利进账了！
资,U+8D44,3,menu_dic_76#6,兴趣特技：工资袋
资,U+8D44,3,eg_cl_akem_l#1,在下这等没资格出占！
资,U+8D44,3,eg_bo_haru_vo1_4a#1,呜哦哦。好不容易汇总的资料啊啊。。
赞,U+8D5E,3,menu_dic_eg_cv_megg#2,03的变形合体，让孩子们赞叹！
赞,U+8D5E,3,ev_thu_cl71,马蒂斯：我也赞成。
赞,U+8D5E,3,eg_ms_tiky_l#1,来称赞英雄们吧！
赴,U+8D74,3,ev_sun_st71#0,塞巴斯蒂安：亲自奔赴战场，守护国家。
赴,U+8D74,3,f_sun_24_4#10,再赴下一张地图的说。
赴,U+8D74,3,f_sun_30#0,塞巴斯蒂安：我们奔赴战场的时候
趁,U+8D81,3,menu_dic_199#0,参加动机：趁着势头
趁,U+8D81,3,ev_tue_cl12#0,天马将军：趁还有意识，把力量蛋
趁,U+8D81,3,ev_comp_gen14,明松：快，逃吧。趁现在。。
跆,U+8DC6,3,menu_dic_281#0,参加动机：想把俺的跆拳道
跆,U+8DC6,3,menu_dic_281#4,用跆拳道打！
跆,U+8DC6,3,menu_dic_315#3,擅长：跆拳道
踪,U+8E2A,3,eg_ms_omed_ms23,喜鸟：恭喜鸟消失得无影无踪！
踪,U+8E2A,3,eg_ms_omed_ms33,喜鸟：恭喜鸟消失得无影无踪！
踪,U+8E2A,3,d_sun_0005#0,母亲：儿子从几天前就失踪了！
踵,U+8E35,3,eg_du_109_at2,落踵／攻击
踵,U+8E35,3,eg_du_109_ms2#1,落下踵踢！
踵,U+8E35,3,eg_du_109_ms21#1,落下踵踢！
蹄,U+8E44,3,eg_du_slow_at1,马蹄土终剑
蹄,U+8E44,3,eg_du_slow_ms1,慢肯塔：扔出土足的蹄勇。
蹄,U+8E44,3,eg_du_slow_vo1,慢肯塔：地的蹄勇。噗嘻——。。
躁,U+8E81,3,menu_dic_eg_pw_boka#2,上场的烦躁，全在对战里发入！
躁,U+8E81,3,menu_dic_eg_we_oyas#2,烦躁积起来的威装！
躁,U+8E81,3,eg_pk_milk_vo2#0,米尔基：那么焦躁，是缺钙呢。
躬,U+8EAC,3,ev_gen_no528#2,感谢，感谢（鞠躬鞠躬）
躬,U+8EAC,3,d_dung_0147#0,华人：在路上鞠躬而使，被威光吸引而使
逢,U+9022,3,ev_mon_subtitle02,若能相逢，心跳女主角来着之卷
逢,U+9022,3,ev_mon_pre04#1,若能相逢，心跳女主角来着之卷
逢,U+9022,3,d_dung_0082#0,萨菲罗斯：到重逢之前的空闲
邻,U+90BB,3,ev_plo_test#51,往邻居的梯子上靠梯子的
邻,U+90BB,3,eg_ms_tiky_l#0,地球酱：邻星灭亡了！
邻,U+90BB,3,d_egg_ev09_03#1,邻居一减肥，旁边的人就会胖
酬,U+916C,3,ev_sun_st31#1,了攒力量，拿着对3D的片酬
酬,U+916C,3,general_13_w#1,话说，有片酬吗？
酬,U+916C,3,d_dung_0554#2,大的，只是把盒子拿来的报酬！
钓,U+9493,3,eg_ev_deat_vo1,死神：撤是，镰刀钓不到死。
钓,U+9493,3,eg_bo_fuyu_vo3_1#0,冬子：特辑的【联谊上钓到新恋】呀
钓,U+9493,3,eg_ev_nodt_vo11,被阵的死神：撤是，镰刀钓不到死。
钙,U+9499,3,eg_pk_milk_ms3,米尔基：米尔基喊着缺钙。
钙,U+9499,3,eg_pk_milk_vo2#0,米尔基：那么焦躁，是缺钙呢。
钙,U+9499,3,eg_pk_milk_vo3#0,米尔基：爱喝奶的我的钙，
钮,U+94AE,3,pad_alert#3,正确重新连接后，请按○按钮！
钮,U+94AE,3,trump_ippatu_ms#1,一小段时间，再怎么连按按钮耐力也不减少。
钮,U+94AE,3,ev_solo_traning2#1,我按下的按钮，请尽快
链,U+94FE,3,eg_du_kami_at1,链锯
链,U+94FE,3,eg_du_kami_ms1#0,纸神：把链锯挥得呼呼转。
链,U+94FE,3,ev_solo_atashi2#1,项链300波奇利
锦,U+9526,3,menu_dic_326#1,锦旗！
锦,U+9526,3,menu_dic_326#4,那里的锦旗吧！
锦,U+9526,3,menu_dic_326#6,兴趣特技：想收集锦旗
青,U+9752,3,menu_dic_eg_cl_otam#2,长大就会变成普通的青蛙！
青,U+9752,3,menu_dic_eg_we_brav#1,在那儿和青梅竹马的心（9岁）揺喜，
青,U+9752,3,eg_ev_beal_ms2#0,巴尔：蜘蛛的箱、青蛙的箱）、火的分
革,U+9769,3,ev_tue_subtitle02,改变吧。不可能革命之卷
革,U+9769,3,ev_tue_pre03#2,革命之卷
革,U+9769,3,ev_colosseum77#1,革新灾厄 Dangerou
鞠,U+97A0,3,ev_gen_no528#2,感谢，感谢（鞠躬鞠躬）
鞠,U+97A0,3,d_dung_0147#0,华人：在路上鞠躬而使，被威光吸引而使
骚,U+9A9A,3,ev_solo_disappear24#0,巴斯蒂安：对平日殿下的性骚扰
骚,U+9A9A,3,ev_solo_disappear24a#0,巴斯蒂安：对平日殿下的性骚扰
骚,U+9A9A,3,ev_gen_no539#10,噢呀噢呀：这话像发牢骚，没醉所以请多包涵！
髦,U+9AE6,3,eg_du_caml_vo2,变色龙人：这才是真正时髦的风格！
髦,U+9AE6,3,ev_solo_atashi39#0,卡特莉·伊奈：时髦的基本从占卜开始呀
髦,U+9AE6,3,ev_col_extra33#1,呐，这之后去时髦酒吧喝一杯怎么样？
鳅,U+9CC5,3,menu_dic_eg_ms_popi#2,体波宾科，每天都从宇宙鳞鳅那儿逃来逃去！
鳅,U+9CC5,3,eg_ms_popi_ms21,了——。快跑——。宇宙鳞鳅——。
鳅,U+9CC5,3,eg_ms_popi_ms22,：连波宾科一起挨了宇宙鳞鳅的攻击。
鳍,U+9CCD,3,eg_ms_hang_at2,脚鳍击
鳍,U+9CCD,3,eg_ms_hang_ms2#1,脚鳍啪啪地抽了。
鳍,U+9CCD,3,eg_ms_hang_ms21#1,脚鳍啪啪地抽了。
鹅,U+9E45,3,menu_dic_eg_ev_veno#0,裹着企鹅书偶的谜之人！
鹅,U+9E45,3,ev_ending141#0,·伊奈：金枪鱼肚和海胆和鹅肝和鲍鱼和
鹅,U+9E45,3,eg_pk_prim_vo1,首席：是天鹅湖落
麦,U+9EA6,3,32#0,麦克风测试中
麦,U+9EA6,3,eg_ev_jjdv_w,运动服恶魔：喂。、去买荞麦面包来。
麦,U+9EA6,3,eg_bo_yonda01_00,作曲编曲 四次元女帝 植麦奇诺
默,U+9ED8,3,sysmes_option_term#4,默认
默,U+9ED8,3,eg_we_momo_d,莫莫里斯：莫莫里斯在默默。。
乖,U+4E56,4,eg_cv_alec_ms22,亚历克桑达：乖乖听完了话。
乖,U+4E56,4,eg_cv_alec_ms221,亚历克桑达：乖乖听完了话。
介,U+4ECB,4,menu_dic_150#0,参加动机：想在简介里
介,U+4ECB,4,trump_rescue_ms#0,被像人的护士们把姿和体都介抱了！
介,U+4ECB,4,ev_c_call9#0,塞巴斯蒂安：那么，为您介绍
仰,U+4EF0,4,menu_dic_eg_pw_kawa#2,把这当降来仰的人旗也不立，最近臭负降
仰,U+4EF0,4,ev_sun_st23#2,仰慕的人也没关系！
仰,U+4EF0,4,eg_tg_flya_w#0,欧米茄：仰望天比谁都高，以俺为目标
企,U+4F01,4,menu_dic_eg_ev_veno#0,裹着企鹅书偶的谜之人！
企,U+4F01,4,ev_tue_pre02#0,放出兵器和怪人的贾多，企图是？
企,U+4F01,4,ev_gen_no540#4,兼职监督的委托和调试企划
例,U+4F8B,4,d_dung_0464#1,又照例没了！
例,U+4F8B,4,d_dung_0609#1,可照例，「炸弹投手」又没了！
例,U+4F8B,4,d_dung_0686#2,照例，用钥匙回礼！
俯,U+4FEF,4,ev_gho_int_a07#0,梅尔克里：自遥远彼岸俯视我们的
俯,U+4FEF,4,ev_gho_int_c31#0,梅尔克里：从彼方俯视的不可解之军
俯,U+4FEF,4,eg_du_caml_ms3#1,朝着目标狠狠俯冲。。
兼,U+517C,4,ev_gho_cl_c04#1,赶快兼作祝胜的婚礼要
兼,U+517C,4,ev_colosseum104#0,男主播：呐，兼作最后的庆功
兼,U+517C,4,ev_c_call41#0,鲁奈：兼具弱小与美丽者才是
凝,U+51DD,4,ev_ending102#2,不要凝固，应当半熟。
凝,U+51DD,4,eg_pk_skyp_at1,凝固汽油弹】
凝,U+51DD,4,eg_pk_skyp_ms1,天空公主：天空公主把凝固汽油弹如字一般改了出去
刊,U+520A,4,ev_solo_gf1#0,从复刊写来，当部队能回喜廉价员
刊,U+520A,4,ev_solo_gm1#0,从复刊写来，当部队能回喜廉价员
刊,U+520A,4,ev_solo_uematsu15#3,月刊 王国的事情
剃,U+5243,4,eg_we_oyas_ms1,晚安玛丽的头上被剃了个阴阳头！
剃,U+5243,4,eg_we_oyas_ms11,晚安玛丽的头上被剃了个阴阳头！
剃,U+5243,4,eg_we_oyas_ms12#0,晚安玛丽的头上被剃了个阴阳头！
剥,U+5265,4,menu_dic_eg_le_hniw#0,有时是陶俑！又有时是生剥戈仑！
剥,U+5265,4,eg_le_hniw_ms3,陶俑戈仑：陶俑戈仑变成生剥戈仑了。。
剥,U+5265,4,eg_le_hniw_ms32,陶俑戈仑：陶俑戈仑从生剥戈仑变回来了。
剪,U+526A,4,menu_dic_139#7,剪辑交给我！
剪,U+526A,4,menu_dic_170#3,擅长：比如想出剪刀
剪,U+526A,4,menu_trump086#1,阵型变成剪刀！
割,U+5272,4,ev_march12#0,零花钱和超级度假地也难以割舍
割,U+5272,4,ev_solo_income22,外星人留下了5个牛只切割物！
割,U+5272,4,ev_mini_fri02#0,弗莱迪：被牛只切割过的
厅,U+5385,4,dg_common_CanWarp#2,便即刻把你送到这大厅来
厅,U+5385,4,dg_common_CanWarp_fst#5,便即刻把你送到这大厅来
厅,U+5385,4,d_dung_0517#0,奇怪的生物在大厅中央
叠,U+53E0,4,menu_trump075#2,多张装备效果会重叠！
叠,U+53E0,4,menu_trump076#2,多张装备效果会重叠！
叠,U+53E0,4,menu_trump083#2,多张装备效果会重叠！
咸,U+54B8,4,eg_pw_cycl_ms31,眼巨人：出了1，打1发。咸。
咸,U+54B8,4,eg_ms_kken_ms1#1,非常非常咸。。
咸,U+54B8,4,eg_ms_kken_ms11#1,非常非常咸。。
哧,U+54E7,4,eg_du_ifrt_d,伊夫里顿：哼哧哼哧动着鼻子。
哧,U+54E7,4,okunote_yoiko_tk#1,哧溜哧溜。啪滋啪滋。啪嚓啪
啤,U+5564,4,eg_we_ciwa_at1,生啤
啤,U+5564,4,d_dung_0161#1,「啤酒」「毛豆」「电视」
啤,U+5564,4,d_dung_0166#0,袋子工匠：「啤酒」「毛豆」「电视」
啵,U+5575,4,eg_ev_beal_vo32,巴尔：嗯？是吾自己吗？唔啵哦啊啊。。。
啵,U+5575,4,eg_ev_zomb_vo1#0,僵尸：啵叽。。
啵,U+5575,4,eg_du_cofe_l#0,咖啡节拍：咕啵。
嗓,U+55D3,4,eg_cl_ball_ms22#1,气球雀喊哑了嗓子。
嗓,U+55D3,4,eg_cl_ball_ms221#1,气球雀喊哑了嗓子。
嗓,U+55D3,4,eg_du_zibu_d,吉布猫：嗓子咕噜咕噜守着。
嗝,U+55DD,4,sysmes_sound_list#25,饱嗝
嗝,U+55DD,4,eg_du_kure_vo2,给我给我：嗝。
嗝,U+55DD,4,eg_du_skdr_vo31#1,从杯口以外喝，打嗝就会停。
嗦,U+55E6,4,ev_gho_int_a04#0,虽然啰嗦，没看过的请看系列第3作
嗦,U+55E6,4,eg_pk_amaz_vo1,亚马逊：啰嗦。。
嗦,U+55E6,4,ev_mini_mon10b#0,鲁奈：啰嗦。
嗨,U+55E8,4,eg_du_kino_d,蘑菇家伙：心情超嗨。
嗨,U+55E8,4,eg_du_mggm_vo21#1,降装嗨哟呀萨。哟呀萨。
嗨,U+55E8,4,eg_du_syam_ms31#0,沙米尔星人正嗨着呢。
噌,U+564C,4,eg_ev_mamy_l,：一千用「可是很能造的味噌！
噌,U+564C,4,eg_ev_mamy_vo1,木乃伊：接下法老的移吧味噌。。
噌,U+564C,4,eg_ev_mamy_vo2,木乃伊：接下绷带的负吧味噌。。
园,U+56ED,4,menu_dic_145#7,园艺教室！
园,U+56ED,4,ev_wed_cl16,梅尔克里：吾与妖精们，家园便是那样被夺去的哪！
园,U+56ED,4,ev_fri_bs_sebath#2,送到动物园登记的说。
圈,U+5708,4,menu_dic_eg_du_frkn#2,可爱的项圈，是为他准备的礼物！
圈,U+5708,4,ev_ear_cl41,马蒂斯：也许是圈套啊。
圈,U+5708,4,eg_bo_boil_vo45#0,煮蛋：给她的手指套上乌贼圈
塑,U+5851,4,eg_pw_moon_at3,巅峰塑造
塑,U+5851,4,eg_pw_moon_r2#1,新招·巅峰塑造记住了。。
塑,U+5851,4,eg_bo_natu_vo1_1#1,随时随地塑形都没问题4。
寓,U+5BD3,4,menu_dic_252#0,参加动机：公寓贷款
寓,U+5BD3,4,menu_dic_252#6,兴趣特技：新公寓
寓,U+5BD3,4,menu_dic_eg_pw_ngrd#1,真的干不下去了！最近公寓也买了
屎,U+5C4E,4,ev_fri_cl15#1,可你们那种把人生动物的屎刮在一起似的
屎,U+5C4E,4,eg_cv_paz3_ms1,解谜3摔了个狗吃屎。
屎,U+5C4E,4,eg_cv_paz3_ms11,解谜3摔了个狗吃屎。
岂,U+5C82,4,eg_le_excv_ms3,岂止被石中剑劈，已经乱七八
岂,U+5C82,4,eg_le_excv_ms31,岂止被石中剑劈，已经乱七八
岂,U+5C82,4,eg_le_excv_ms32,石中剑：岂止被劈，已经乱七八糟。
岔,U+5C94,4,d_egg_ev05_06#1,重要分岔点！
岔,U+5C94,4,d_thu_0006#0,有大路和岔路的时候
岔,U+5C94,4,d_thu_0006#1,走岔路就不会掉进陷阱吧！
峰,U+5CF0,4,eg_pw_moon_at3,巅峰塑造
峰,U+5CF0,4,eg_pw_moon_r2#1,新招·巅峰塑造记住了。。
峰,U+5CF0,4,boss_full_actmenu#2,峰值构筑
市,U+5E02,4,menu_dic_eg_cl_lamp#2,到兴趣，大概就是休息日逛市场！
市,U+5E02,4,menu_dic_eg_le_bktg#0,与「据说一出100自在超市被末着，
市,U+5E02,4,ear_f01_help#1,在市街设置的据点
幅,U+5E45,4,menu_trump074#2,会大幅提升！
幅,U+5E45,4,ev_tue_cl09#2,那颗蛋，拥有增幅人的气合的力量！
幅,U+5E45,4,okunote_frid_ms#1,熟逃了，防御大幅下降……
廉,U+5EC9,4,ev_solo_gf1#0,从复刊写来，当部队能回喜廉价员工
廉,U+5EC9,4,ev_solo_gf4#1,以部队能回喜廉价员工的殿下样过来了！
廉,U+5EC9,4,ev_solo_gm1#0,从复刊写来，当部队能回喜廉价员工
弓,U+5F13,4,menu_trump026#0,用弓从远处攻击，
弓,U+5F13,4,eg_le_bktg_d,黑虎：黑虎虾弓着。
弓,U+5F13,4,trump_ya_ms,定时间内，连按○变成能射弓的状态了！
弦,U+5F26,4,eg_pk_pegg_ms2#0,格曼：粉红艾格曼把绷紧的弦解开了。。
弦,U+5F26,4,eg_pk_pegg_ms21#0,格曼：粉红艾格曼把绷紧的弦解开了。。
弦,U+5F26,4,eg_pk_pegg_vo2#0,粉红艾格曼：绷紧的弦，会把心部拔掉哦
彗,U+5F57,4,menu_trump019#1,那姿正如彗星一般！
彗,U+5F57,4,ev_wed_cl14#0,克里：可是，这颗星因中途彗星冲突
彗,U+5F57,4,eg_ev_rabi_w#0,兔子撒旦：毕竟曾被叫作彗星拉比
彻,U+5F7B,4,menu_dic_31#7,彻底禁止？
彻,U+5F7B,4,eg_we_barm_l,吧人：酒吧人把输掉的占攻彻底藏起来了！
彻,U+5F7B,4,eg_bo_boil_ms10#0,元煮蛋：四次元煮蛋放出了彻骨的周六夜动。
忠,U+5FE0,4,dg_tutorial01_5#6,一点忠告吧！
忠,U+5FE0,4,dg_tutorial02#10,·琼斯：所以再让我给一点忠告
忠,U+5FE0,4,dg_tutorial03_4#13,给一条战斗方面的忠告！
忽,U+5FFD,4,menu_dic_180#1,忽然很怀念！
忽,U+5FFD,4,menu_dic_227#1,忽然很怀念！
忽,U+5FFD,4,menu_dic_99#1,忽然很怀念！
恕,U+6055,4,eg_cv_pwra_vo34#1,欺负米卡酱的家伙不可饶恕。。
恕,U+6055,4,ev_solo_love3#0,恕不敬，从即刻起将军雇佣期
恕,U+6055,4,ev_gen_no499#4,不可饶恕。。。
悦,U+60A6,4,menu_trump018#1,把喜悦的团块砸向对方，
悦,U+60A6,4,eg_du_fraf_w,晃晃：因胜利的喜悦在抖！
悦,U+60A6,4,eg_du_syam_w,米尔星人：测现着胜利的喜悦！
惧,U+60E7,4,ev_thu_bs03#0,？？？？世人满怀畏惧，如此称呼吾
惧,U+60E7,4,ev_thu_bs13#0,彭普蒂：因恐惧而颤抖
惧,U+60E7,4,f_thu_05#0,梅尔克里：恐惧的人们，将被爱之光引导！
愤,U+6124,4,menu_dic_eg_ev_eegg#1,把悲伤和快乐、愤怒和憎恨变成梦幻的力量，
愤,U+6124,4,eg_ms_tiky_vo2#7,地球人：大地的愤怒啊！
愤,U+6124,4,eg_ms_tiky_vo2_man#7,地球酱：地球人：大地的愤怒啊！
慧,U+6167,4,ev_fri_cl19#1,本来住着拥有优秀智慧的生命体！
慧,U+6167,4,eg_du_skdr_at3,智慧打
慧,U+6167,4,eg_du_skdr_r2#1,新招·智慧打记住了。。
戳,U+6233,4,ev_thu_st10#1,戳戳
戳,U+6233,4,eg_cl_hade_ms12,：逃【上被敲醒了。看来是戳中了攻
戳,U+6233,4,eg_cl_hade_ms22,：逃【上被敲醒了。看来是戳中了攻
户,U+6237,4,ev_plo_test#5,但考虑到用户友好，改成中文了！
户,U+6237,4,ev_plo_test#75,不是老主顾而是乱连的用户地先生。
户,U+6237,4,ev_wed_cl82#2,不然用用户问卷决定看看？
抛,U+629B,4,ev_gho_cl_a130,塞巴斯蒂安：殿下可没有抛弃我们啊！
抛,U+629B,4,ev_solo_disappear20#2,也到极限了。请不要抛弃！
抛,U+629B,4,ev_solo_disappear20a#2,也到极限了。请不要抛弃！
拓,U+62D3,4,menu_dic_235#0,来自《沙加开拓者》的
拓,U+62D3,4,menu_dic_349#0,来自《沙加开拓者2》的
拓,U+62D3,4,menu_dic_369#0,来自《沙加开拓者》的
挖,U+6316,4,menu_dic_201#1,就被挖走了！
挖,U+6316,4,eg_le_hniw_ms1,戈仑：陶俑戈仑用大气和状挖出了钻头！
挖,U+6316,4,eg_ms_flzb_ms1#0,冰冻男孩：冰冻男孩挖出冰块
挤,U+6324,4,menu_trump132#2,挤成一团！
挤,U+6324,4,ev_thu_st09#1,哪颗星都会挤满榆木啊。
挤,U+6324,4,eg_du_slow_vo3,慢肯塔：、连环的挤疗法。
揉,U+63C9,4,eg_ms_flzb_ms3#1,冻男孩的身体被舒舒服服地揉开了！
揉,U+63C9,4,ev_solo_atashi43#0,卡特莉·伊奈：脸蛋被揉揉、魅力全开之后
揉,U+63C9,4,ev_gen_no533#5,真由：那个要捏、揉、拼、读
携,U+643A,4,sysmes_battle_menu#3,没有携带蛋
携,U+643A,4,sysmes_battle_menu#4,没有携带
携,U+643A,4,eg_pw_eggk_ms3#1,连携攻击。
晓,U+6653,4,menu_dic_eg_cl_azen#0,当初有过什么人已无从知晓，
晓,U+6653,4,ev_mon_cl55#1,知晓这颗蛋的真相。
晓,U+6653,4,ev_wed_pre02#0,迷雾蛋，据说知晓
构,U+6784,4,boss_full_actmenu#2,峰值构筑
构,U+6784,4,eg_bo_emtp_vo23,格妈妈：TYPE-0：要构筑人类新的历史！
构,U+6784,4,d_dung_0271#1,构造非常复杂！
枯,U+67AF,4,ev_tue_st01#1,荒废枯萎的地形呢！
枯,U+67AF,4,ev_spring3#1,要治愈疲惫的身子和干枯的姿
枯,U+67AF,4,eg_bo_yonda03_06,对 枯叶看着的 是和（喜欢的东
栏,U+680F,4,menu_dic_eg_we_ebis#2,熟英雄、按喜欢明土大闹的栏目！
栏,U+680F,4,eg_cl_matu_ms1#0,通贩桑夫妇：两人的捨栏，对着
栏,U+680F,4,eg_cl_matu_ms11#0,通贩桑夫妇：两人的捨栏，对着
树,U+6811,4,wed_f02,大树
树,U+6811,4,wed_f02_help#1,天使敲打着树
树,U+6811,4,wed_f04,大树改造星
栗,U+6817,4,ev_october3#0,伊奈：松茸和柿子和松茸和栗子和
栗,U+6817,4,ev_solo_uematsu15#13,战栗的旋律
栗,U+6817,4,ev_solo_uematsu15a#13,战栗的旋律
桩,U+6869,4,eg_du_tmaj_vo1#0,蛋魔人：嗯嗯，小事一桩人军，主人殿——！
桩,U+6869,4,eg_du_tmaj_vo2#0,蛋魔人：哈哈哈，小事一桩人军，主人殿——！
桩,U+6869,4,eg_du_tmaj_vo3#0,蛋魔人：原来如此小事一桩人军，主人殿——！
棺,U+68FA,4,gameover_all29#1,英雄之棺已被用上。
棺,U+68FA,4,gameover_all38,英雄之棺已被用上。
棺,U+68FA,4,gameover_all54,英雄之棺已被用上。
橘,U+6A58,4,menu_dic_eg_ms_omed#1,橘子却压坏了、【发了，净是
橘,U+6A58,4,eg_ms_omed_at1,压橘子
橘,U+6A58,4,eg_ms_omed_ms1#0,恭喜鸟：把上面的橘子噗啾地一压。
款,U+6B3E,4,menu_dic_252#0,参加动机：公寓贷款
款,U+6B3E,4,ev_thu_pre02#1,职员们下落不明，只有这款游戏
款,U+6B3E,4,ev_thu_pre03#1,就是那款游戏！
殖,U+6B96,4,ev_gho_cl_c16#1,拥有自我增殖功能！
殖,U+6B96,4,ev_gho_cl_c17,弗莱迪：增殖。？
殖,U+6B96,4,ev_ear_st27#1,总之那系统会增殖、扩散
氛,U+6C1B,4,menu_dic_296#0,参加动机：那种地方的气氛？
氛,U+6C1B,4,ev_plo_test#4,明明英文更有气氛
氛,U+6C1B,4,ev_thu_st01,蒂安：可真是阴气森森的大氛围之星呢！
汇,U+6C47,4,ev_solo_settlement01,塞巴斯蒂安：殿下，汇报这个月的收支的说！
汇,U+6C47,4,ev_solo_settlement01a,塞巴斯蒂安：殿下，汇报这个月的收支的说！
汇,U+6C47,4,eg_bo_haru_vo1_4a#1,呜哦哦。好不容易汇总的资料啊啊。。
沟,U+6C9F,4,ev_mon_cl08,莉·伊奈：死心得真快的阴沟母老鼠呢。
沟,U+6C9F,4,f_mon_09#0,卡特莉·伊奈：那种像阴沟母老鼠一样
沟,U+6C9F,4,eg_ms_kken_vo3#1,比马里亚纳海沟还深呢。
沿,U+6CBF,4,menu_mission_thu01b#0,沿着出现的道路
沿,U+6CBF,4,menu_mission_thu02b#0,沿着出现的道路
沿,U+6CBF,4,menu_mission_thu03b#0,沿着出现的道路
泌,U+6CCC,4,menu_dic_eg_du_wall#1,每天分泌肾上腺素，硬邦邦地耸立！
泌,U+6CCC,4,eg_pw_bari_ms1#1,内啡肽分泌了，攻击上升了。。
泌,U+6CCC,4,eg_pw_bari_ms12#1,内啡肽分泌了，攻击上升了。。
浆,U+6D46,4,eg_pw_rddr_at2,岩浆吐息
浆,U+6D46,4,eg_pw_rddr_ms2,红龙：岩浆之炎把人吞进去了。
浆,U+6D46,4,eg_pw_rddr_ms21,红龙：岩浆之炎把人吞进去了。
浩,U+6D69,4,ev_solo_uematsu4#0,植松伸夫：那是椙山浩一作曲哦！
浩,U+6D69,4,ev_gen_no500_1#0,浩平：人偶装。
浩,U+6D69,4,ev_gen_no500_1#1,浩平：微型。
滞,U+6EDE,4,menu_tutorial_mes29#1,方是暴怒状态，最下方是呆滞状态的说！
滞,U+6EDE,4,menu_tutorial_mes32#0,进入呆滞状态后，
滞,U+6EDE,4,mon_f05,坏光的淤滞
灰,U+7070,4,ev_mon_cl39#1,这些灰尘。
灰,U+7070,4,ev_mon_cl40#1,这颗星灰尘好多，得好好做一次
灰,U+7070,4,eg_we_pppm_l#1,刺刺猪灰溜溜逃走了！
炒,U+7092,4,eg_bo_yonda02_03,炒面也吃过 可是卷心菜硬 
炒,U+7092,4,ev_gen_no527_1#0,山本：点了多汁的炒面
炒,U+7092,4,ev_gen_no527_1#1,半熟炒面，端上来了！
焉,U+7109,4,eg_du_frns_w#0,呼！不行啊。你可是心不在焉酱！
焉,U+7109,4,eg_ms_tiky_vo2#0,地球人：终、终焉了啊啊。
焉,U+7109,4,eg_ms_tiky_vo2_man#0,地球酱：地球人：终、终焉了啊啊。
狼,U+72FC,4,menu_dic_29#0,参加动机：一匹狼什么的
狼,U+72FC,4,eg_du_kure_at1,狼吞虎咽
狼,U+72FC,4,eg_du_kure_ms1,给我给我：狼吞虎咽地吃了。
疏,U+758F,4,f_mon_17#1,没有疏漏吧，殿下？
疏,U+758F,4,ev_solo_disappear19_2#1,这本领只会越来越生疏！
疏,U+758F,4,ev_solo_disappear19a_2#1,这本领只会越来越生疏！
癖,U+7656,4,menu_dic_eg_du_caml#1,据说有钻进镜子干活的癖好，
癖,U+7656,4,menu_dic_eg_le_denb#0,明明是乌龟，却会挠谁恋物癖的今家伙！
癖,U+7656,4,d_dung_0722#0,美人：守财癖都长在钱上的人？
盗,U+76D7,4,eg_le_sale_vo3,卖：喂。这样的话拿走吧强盗。。
盗,U+76D7,4,d_dung_0463#2,想盗用它的人好像也不少！
盗,U+76D7,4,d_dung_0498#1,拿走吧强盗。
盹,U+76F9,4,ev_thu_st29#0,部队：在浴室打盹的时候
盹,U+76F9,4,eg_cv_ligt_ms1#1,正在打盹！
盹,U+76F9,4,eg_cv_ligt_ms11#1,正在打盹！
省,U+7701,4,eg_du_dkef_vo1,为是人的魂所以叫人魂！太省事！
省,U+7701,4,ev_solo_inu11#1,嘛，省事倒是挺好！
省,U+7701,4,d_dung_0272#2,就能省去无谓的移动！
禁,U+7981,4,menu_dic_31#7,彻底禁止？
禁,U+7981,4,menu_dic_69#7,禁止吗？
禁,U+7981,4,gameover_h11#0,我殿：网上拍卖的入手是禁止的呐。
秒,U+79D2,4,menu_dic_241#3,擅长：连续跳30秒。
秒,U+79D2,4,menu_dic_266#0,参加动机：哪怕一秒
秒,U+79D2,4,menu_dic_402#7,好想再见到一秒！
窥,U+7AA5,4,mon_f04_help#0,窥视着浪漫的
窥,U+7AA5,4,ev_spring75#0,败给硫黄气味的偷窥陷阱的一所
窥,U+7AA5,4,ev_spring80a#0,来偷窥的将军300人
筑,U+7B51,4,menu_dic_eg_cl_106#0,新星种筑波欲
筑,U+7B51,4,boss_full_actmenu#2,峰值构筑
筑,U+7B51,4,eg_cl_106_ap#0,新星弱筑波欲小空之望酱（25岁）
纹,U+7EB9,4,ev_june4#0,莉·伊努：嘎吱嘎吱又裂了纹！
纹,U+7EB9,4,ev_solo_atashi23#1,鱼和蓝纹奶酪的香菜包
纹,U+7EB9,4,ev_solo_egg11#1,就算脸上有裂纹，只要蛋的裂纹能修好！
绞,U+7EDE,4,eg_bo_mots_at1,绞披风
绞,U+7EDE,4,eg_bo_mots_ms1#0,·苏蒙：莫特·苏蒙把披风绞上了。
绞,U+7EDE,4,eg_bo_mots_ms12#0,特·苏蒙：莫特·苏蒙正在绞披风！
缎,U+7F0E,4,eg_le_177_ms2,蛋土箱：蛋土箱的缎带把人勒紧了！
缎,U+7F0E,4,eg_le_177_ms21,蛋土箱：蛋土箱的缎带把人勒紧了！
缎,U+7F0E,4,eg_le_177_ms2_2#0,蛋土箱：蛋土箱的缎带把人勒紧了！
羊,U+7F8A,4,menu_dic_eg_we_oyas#0,就睡吧，明土拉着小提琴的羊！
羊,U+7F8A,4,ev_ear_st43#1,数一百只羊也再睡不着了！
羊,U+7F8A,4,eg_pw_kimr_vo1#1,山羊狮子蛇
耍,U+800D,4,eg_ms_eggb_ms23#0,艾格宝宝：玩耍
耍,U+800D,4,eg_ms_eggb_ms24#0,艾格宝宝：玩耍
耍,U+800D,4,ev_march26#0,卡特莉·伊努：把我当小孩耍？
耳,U+8033,4,menu_dic_251#7,赫耳墨斯大人！
耳,U+8033,4,menu_trump136#2,把耳朵借给他呢？
耳,U+8033,4,ev_fri_cl18#2,从耳朵冒烟俺可不管。
肖,U+8096,4,menu_dic_128#6,兴趣特技：呐呐，我的肖像
肖,U+8096,4,ev_gen_no497#0,肖特：想着他
肖,U+8096,4,ev_gen_no497#3,肖特：和他做各种各样的事
胞,U+80DE,4,eg_ev_gera_ms2#1,全身的细胞都死好了。
胞,U+80DE,4,eg_ev_gera_ms21#1,全身的细胞都死好了。
胞,U+80DE,4,general_61_l,俺的细胞在死灭！
腕,U+8155,4,menu_dic_277#4,手腕自认有！
腕,U+8155,4,menu_dic_315#0,参加动机：想把功夫的手腕
腕,U+8155,4,menu_dic_446#0,参加动机：想把合气道的手腕
艺,U+827A,4,menu_dic_145#7,园艺教室！
艺,U+827A,4,menu_dic_47#6,兴趣特技：那种综艺
艺,U+827A,4,menu_dic_eg_pw_broc#2,最近综艺节目来的工作阵赖也很少！
芋,U+828B,4,menu_dic_eg_du_hega#2,从心里的自然、三的芋解、金的母族！
芋,U+828B,4,eg_du_hega_ms1#1,芋解的快一击恢复了。。
芋,U+828B,4,eg_du_hega_vo11#2,赫加斯三姐妹：芋解。上啊。
菲,U+83F2,4,d_dung_0046#0,菲特：一起过来，你说？
菲,U+83F2,4,d_dung_0047#0,菲特：总会有办法，吗！
菲,U+83F2,4,d_dung_0081#0,萨菲罗斯：我是被选中之人！
蕾,U+857E,4,menu_dic_202#6,兴趣特技：看看芭蕾练出来的
蕾,U+857E,4,eg_le_hyak_l,凉凉。：赢了啊，米蕾优。
蕾,U+857E,4,d_dung_0025#0,蕾娜丝：走向死路的人们啊。
蛮,U+86EE,4,menu_dic_323#4,不是太野蛮了！
蛮,U+86EE,4,f_mon_12,马蒂斯：还用说吗，靠蛮力啊，蛮力。
蛮,U+86EE,4,f_mon_13,卡特莉·伊努：野蛮的男人！
蝾,U+877E,4,ev_wed_st28#1,还是蝾螺？
蝾,U+877E,4,ev_gho_int_b24#1,还挺能说的蝾螈4！
蝾,U+877E,4,ev_ending116c,雅：蝾螈就是！
裁,U+88C1,4,menu_dic_26#7,马上裁员吧！
裁,U+88C1,4,menu_dic_eg_du_dady#2,摔跤上场时也会当裁判！
裁,U+88C1,4,menu_off_gen_no_money#1,不得不裁员
裸,U+88F8,4,menu_trump030#0,部队和将军都变得赤裸！
裸,U+88F8,4,ev_ending137#0,·伊奈：我都下决心来月的裸照也
裸,U+88F8,4,trump_bureikou_ms,就算赤裸也很厉害呢！
誓,U+8A93,4,menu_dic_459#1,发誓所近！
誓,U+8A93,4,menu_dic_460#1,发誓所近！
誓,U+8A93,4,ev_gho_bs07#1,以这颗粉红蛋起誓。
诱,U+8BF1,4,menu_dic_118#0,参加动机：被超强的诱惑
诱,U+8BF1,4,gho_f01_help#1,把人诱向不可解的世界
诱,U+8BF1,4,ev_gho_int_c25#1,像被甜蜜引诱的蜜蜂一样。
财,U+8D22,4,menu_dic_72#1,说不定能发大财！
财,U+8D22,4,ev_march16#1,操心星球财政赤字，作为女王
财,U+8D22,4,d_dung_0722#0,美人：守财癖都长在钱上的人？
质,U+8D28,4,ev_sun_cl63#0,特莉·伊奈：那明明是反物质军用陷阱
质,U+8D28,4,ev_tue_st83#0,是，贾多把老娘和妹妹当人质
质,U+8D28,4,ev_fri_cl58#1,被这颗星的环境同化而变质
贪,U+8D2A,4,f_ear_07,：好战的，无论哪世都只是贪利之人！
贪,U+8D2A,4,d_dung_0104#1,你，贪心到做梦都想呢！
贪,U+8D2A,4,d_dung_0187#8,蛋怪爷爷：不过，是贪心买卖
趟,U+8D9F,4,menu_dic_186#6,兴趣特技：定期会去一趟
趟,U+8D9F,4,ev_june16#0,莉·伊努：嘛，难得就去一趟！
趟,U+8D9F,4,ev_colosseum104#1,要不要去趟温泉？
趴,U+8DB4,4,eg_pw_tagm_vo1#1,给你们打趴，放马过来。
趴,U+8DB4,4,eg_pk_bbms_at2,趴上去
趴,U+8DB4,4,d_dung_0287#2,必须在此把你们打趴！
跪,U+8DEA,4,ev_tue_bs15#2,向这颗力量蛋跪拜才是上策。
跪,U+8DEA,4,eg_pw_kimr_vo3#1,跪在团力面前
跪,U+8DEA,4,general_22_l,少开玩笑，跪下渣滓们。
蹑,U+8E51,4,eg_le_grcl_ms1#0,对石像鬼蹑手蹑脚靠近，
蹑,U+8E51,4,eg_le_grcl_ms11#0,对石像鬼蹑手蹑脚靠近，
载,U+8F7D,4,ev_sun_st30#1,连载那边没给OK！
载,U+8F7D,4,ev_gho_int_b46#1,力量过载而已啊！
载,U+8F7D,4,eg_cv_ligt_vo31#0,兄：飞吧——。。载上我们的梦。
迟,U+8FDF,4,menu_dic_243#6,兴趣特技：部队迟早也会
迟,U+8FDF,4,menu_dic_77#7,迟到也没办法嘛！
迟,U+8FDF,4,menu_trump028#1,动作变得迟钝！
迸,U+8FF8,4,eg_du_skdr_ms1#1,气之鞭迸出来。
迸,U+8FF8,4,eg_du_skdr_ms21,骷髅龙：严厉的教诲迸出来了。
迸,U+8FF8,4,eg_du_skdr_ms22#0,骷髅龙：严厉的教诲迸出来了。
逅,U+9005,4,menu_dic_263#0,参加动机：为了寻求邂逅
逅,U+9005,4,menu_dic_331#0,参加动机：为寻求新邂逅的
逅,U+9005,4,menu_dic_75#1,好像会有邂逅！
避,U+907F,4,menu_dic_29#3,擅长：回避力
避,U+907F,4,ev_ear_cl13#1,相关人员请迅速退避。
避,U+907F,4,ev_solo_income20#2,避难！
邂,U+9082,4,menu_dic_263#0,参加动机：为了寻求邂逅
邂,U+9082,4,menu_dic_331#0,参加动机：为寻求新邂逅的
邂,U+9082,4,menu_dic_75#1,好像会有邂逅！
邮,U+90AE,4,menu_dic_59#7,邮件好难打。
邮,U+90AE,4,ev_solo_inu42#0,卡特莉·伊努：最近邮件什么的太多，套餐费超高
邮,U+90AE,4,eg_bo_boil_at3_kata_13_a,京子：哈。？一真那儿来邮件了啊。
酸,U+9178,4,menu_dic_30#6,兴趣特技：午饭有酸奶
酸,U+9178,4,ev_sun_cl39#1,那些做着寒酸梦的家伙
酸,U+9178,4,eg_pk_milk_l,米尔基：要变成酸奶之前，都会加油的！
陪,U+966A,4,menu_dic_91#6,兴趣特技：谁来陪我做
陪,U+966A,4,ev_sun_st14#2,陪我们玩下去，拜托了的说。
陪,U+966A,4,ev_sun_st16#1,陪我们玩下去，拜托了的说。
鞋,U+978B,4,menu_dic_300#6,兴趣特技：鞋子里放辣椒
鞋,U+978B,4,menu_trump081#1,可可特王国之鞋上，
鞋,U+978B,4,eg_pk_prim_ms2#0,首席：足尖鞋里末号役生着。。
顶,U+9876,4,ev_mon_cl25#0,鲁奈：这顶假发，是吾浪漫惑星上传承
顶,U+9876,4,ev_mon_cl26#1,便戴上这顶假发，当作男孩来养！
顶,U+9876,4,ev_gho_cl_a66#1,全次元顶点的四次元女帝！
颠,U+98A0,4,menu_dic_361#1,迷得神魂颠倒。
颠,U+98A0,4,menu_dic_eg_du_slow#1,用颠覆马之常识的缓慢攻击讨人
颠,U+98A0,4,eg_su_dvwm_ms33,恶魔女神魂颠倒了！
饼,U+997C,4,eg_du_zibu_l,吉布猫：被踩扁成饼。。
饼,U+997C,4,eg_ms_omed_at3,镜饼开
饼,U+997C,4,eg_ms_omed_d,恭喜鸟：饼皮侧面裂了。
馒,U+9992,4,menu_dic_eg_du_nink#0,拉面、意面、饺子、白馒头！
馒,U+9992,4,okunote_manjyuu_ms#1,用馒头攻过来了。好吃。能力恢
馒,U+9992,4,okunote_manjyuu_tk#0,我这世上最【的东西就是馒头！
鲍,U+9C8D,4,test_gameover22#1,鲍鱼和大鲔和近虾和大鲔和星
鲍,U+9C8D,4,ev_sun_st32#0,那儿，大腹和海胆和大腹和鲍鱼和
鲍,U+9C8D,4,ev_ending141#0,：金枪鱼肚和海胆和鹅肝和鲍鱼和
鲑,U+9C91,4,test_gameover22#2,大鲔和鲑鱼籽和大鲔和香槟呀
鲑,U+9C91,4,ev_sun_st32#2,大腹和鲑鱼籽和大腹和香槟
鲑,U+9C91,4,ev_ending141#2,甲鱼汤和鲑鱼子和河豚全餐再加堂培里
鳗,U+9CD7,4,test_gameover22#1,鱼和大鲔和近虾和大鲔和星鳗和
鳗,U+9CD7,4,ev_sun_st32#1,大腹和甜虾和大腹和星鳗和
鳗,U+9CD7,4,ev_ending141#1,和大虾和咖喱猪排套餐和海鳗和
丧,U+4E27,5,ev_thu_st16#1,丧尸啦、幽灵故事啦、恐怖电
丧,U+4E27,5,ev_thu_st21,塞巴斯蒂安：丧、丧尸将军吗。？
丧,U+4E27,5,ev_solo_settlement18#0,塞巴斯蒂安：哭丧着脸还挨蜇，不过
乡,U+4E61,5,menu_dic_eg_du_zibu#0,猫的故乡是宇宙来着？
乡,U+4E61,5,ev_col_extra31#1,呐，这之后去乡下居酒屋喝一杯怎么样？
乡,U+4E61,5,ev_colosseum120#1,呐，这之后去乡下居酒屋喝一杯怎么样？
亡,U+4EA1,5,ev_sun_cl22#0,艾格曼：正如世间逃亡者居多，
亡,U+4EA1,5,ev_mon_cl55#0,鲁奈：想代替亡故的父上、母上
亡,U+4EA1,5,eg_cv_mkai_l,机械医生夫妇：势地灭亡了！
仆,U+4EC6,5,ev_mon_st31#1,王室所使唤的女仆！
仆,U+4EC6,5,eg_ev_dvwm_at3,仆从
仆,U+4EC6,5,eg_ev_dvwm_r2#1,新招·仆从记住了。。
伏,U+4F0F,5,menu_dic_eg_cv_heij#1,特摄的伏特拉格，和机械艾格曼的艾
伏,U+4F0F,5,f_fri_pre01#5,会埋伏着怎样的现象可说不准！
伏,U+4F0F,5,eg_cv_heij_at1,伏特拉格
伟,U+4F1F,5,ev_gho_cl_a38#0,四次元人（造）：伟大的鲸
伟,U+4F1F,5,ev_gho_cl_a38#1,四次元人（长）：从伟大的存在而来的
伟,U+4F1F,5,ev_gho_cl_a42#1,从伟大的鲸里造出来的
佣,U+4F63,5,ev_solo_love3#0,恕不敬，从即刻起将军雇佣期满的
佣,U+4F63,5,ev_solo_settlement16#2,这个月请别忘了雇佣将军。
佣,U+4F63,5,ev_solo_settlement16a#2,这个月请别忘了雇佣将军。
佳,U+4F73,5,ev_wed_cl76#1,今年的最佳牛仔裤赏是？
佳,U+4F73,5,eg_le_oden_ms12#1,呀嗬，队勇剑真是劈活绝佳。
佳,U+4F73,5,eg_le_oden_ms13#1,呀嗬，队勇剑真是劈活绝佳。
免,U+514D,5,wed_f01_help#0,从状不中幸免
免,U+514D,5,f_sun_42#1,免得阿尔玛之月被占领
免,U+514D,5,f_fri_36#2,婚礼之前死在这种地方我可免了。
叛,U+53DB,5,ev_end_pre04#2,憎恶全宇宙的叛乱开始了。
叛,U+53DB,5,ev_end_pre12#2,憎恶全宇宙的叛乱开始了。
叛,U+53DB,5,dg_boss99_1_mes#4,至今被背叛过多少次。
含,U+542B,5,f_sun_08#1,大臣可看不惯那副含糊的样子。
含,U+542B,5,ev_ending110#1,婚礼都要被含糊过去了呀。
含,U+542B,5,trump_inuchoco_ms#0,莉·伊努的义务巧克力里，含着一点点爱情！
呸,U+5478,5,eg_pw_kawa_vo32,臭负降号：咕啊啦啦啦啦，呸。。
呸,U+5478,5,eg_ev_name_vo1,鼻涕虫人：啊啊啊。。呸。。
呸,U+5478,5,eg_cl_siro_vo12#1,呸呸呸啊——。。。
哀,U+54C0,5,ev_solo_uematsu15#22,哀伤的英雄
哀,U+54C0,5,ev_solo_uematsu15a#22,哀伤的英雄
哀,U+54C0,5,eg_bo_atom_ms3#0,当地传来哀叹核导弹发射的敌人的声音
哨,U+54E8,5,sysmes_sound_list#32,哨子
哨,U+54E8,5,menu_dic_eg_cv_tetu#0,的原解雇！原来那解雇的花哨可跟不上！
哨,U+54E8,5,f_mon_31#1,花里胡哨的家伙啊！
嗷,U+55F7,5,eg_pw_tera_at1,嘎嗷。
嗷,U+55F7,5,eg_pw_tera_at2,咕嗷。
嗷,U+55F7,5,eg_pw_tera_at3,咯嗷。
噩,U+5669,5,menu_trump131#2,看来是噩梦啊！
噩,U+5669,5,test_gameover03#1,做噩梦来着的说！
噩,U+5669,5,test_gameover07#0,塞巴斯蒂安：那样的话会做噩梦也不无道理的说！
囔,U+56D4,5,menu_dic_eg_du_dkef#2,嘟嘟囔囔的，与其说是怨恨，不如
囔,U+56D4,5,eg_du_dkef_ms11,黑暗精灵：在嘟囔着什么。
囔,U+56D4,5,eg_du_dkef_ms21,黑暗精灵：在嘟囔着什么。
垮,U+57AE,5,menu_dic_eg_pw_moon#1,里挑战阵白的客界，一边不垮鲜艳的上生！
垮,U+57AE,5,ev_thu_bs13#1,被绝望击垮吧！
垮,U+57AE,5,eg_cv_paz3_ms2#1,长兄、次兄也累垮了。。
城,U+57CE,5,menu_dic_226#7,带到城里去。
城,U+57CE,5,menu_dic_eg_cl_siro#1,小队独立出去、干劲十足的城！
城,U+57CE,5,f_gho_02#0,塞巴斯蒂安：一边好好压住城
奋,U+594B,5,eg_cv_borc_ms3#1,把兴奋中枢刺激——。。
奋,U+594B,5,eg_cv_borc_ms31#1,把兴奋中枢刺激——。。
奋,U+594B,5,eg_le_kegg_vo3#0,艾格曼王：超级兴奋
姨,U+59E8,5,ev_ear_cl18#0,弗莱迪：阿姨。
姨,U+59E8,5,ev_ear_cl22#1,你刚才不是叫阿姨来着。？
姨,U+59E8,5,eg_we_teru_l,晴天体马：阿姨真昼——？快点下来！
姫,U+59EB,5,menu_dic_eg_pk_musu#1,8解占队长的克解，待姫（）复）待核逃过之后
姫,U+59EB,5,menu_dic_eg_pk_ripn#0,食人的大楼是少合喜连的生姫男！
姫,U+59EB,5,menu_dic_eg_pw_tera#0,土所以去了不用费怪读的弱姫，
宜,U+5B9C,5,menu_dic_255#0,参加动机：便宜星球的钱
宜,U+5B9C,5,menu_dic_305#7,该去哪个便宜星球！
宜,U+5B9C,5,eg_le_sale_ms21,特卖：特卖用便宜认真了。
审,U+5BA1,5,ev_tue_st06#1,把雷达切到审判模式。
审,U+5BA1,5,ev_tue_st07,塞巴斯蒂安：审判模式？
审,U+5BA1,5,ev_tue_st11#1,所谓审判模式，是能判断雷达上
幕,U+5E55,5,menu_dic_eg_we_drug#2,新…里，饮道号弱之战的怪幕被力着落下！
幕,U+5E55,5,test_telop#0,字幕测试
幕,U+5E55,5,eg_pk_156_at2,弹幕
床,U+5E8A,5,ev_wed_st14#0,安：水分再补下去，又要在床上
床,U+5E8A,5,eg_le_kegg_ms3#1,起床惊吓。也许比平时疼！
床,U+5E8A,5,eg_le_kegg_ms32#1,起床惊吓。也许比平时疼！
废,U+5E9F,5,ev_tue_st01#1,荒废枯萎的地形呢！
废,U+5E9F,5,ev_tue_st03#0,梅尔克里：这里就是废墟之星
废,U+5E9F,5,ev_tue_st04#0,弗莱迪：荒废得好厉害啊！
延,U+5EF6,5,f_sun_17_6#0,一立，红线就从阿尔玛之月延伸出来
延,U+5EF6,5,ev_thu_cl22#0,彭普蒂：病毒转眼间蔓延开来
延,U+5EF6,5,ev_thu_cl38#2,向着崭新的出路延伸枝叶！
彼,U+5F7C,5,menu_dic_eg_ev_rabi#0,兔子撒旦也就是彼得君，
彼,U+5F7C,5,planet_08_help#2,彼此交织的星
彼,U+5F7C,5,ev_gho_int_a07#0,梅尔克里：自遥远彼岸俯视我们的
徊,U+5F8A,5,menu_tutorial_sun_01#2,正在附近徘徊的说。
徊,U+5F8A,5,f_sun_01#2,正在附近徘徊的说。
徊,U+5F8A,5,ev_solo_uematsu22a#1,徘徊异空间
徒,U+5F92,5,ev_solo_caution10#5,博徒肯
徒,U+5F92,5,ev_solo_ken1#1,咱是摇摆不定的赌徒！
徒,U+5F92,5,ev_solo_ken1#2,人称博徒肯的小气空壳！
徘,U+5F98,5,menu_tutorial_sun_01#2,正在附近徘徊的说。
徘,U+5F98,5,f_sun_01#2,正在附近徘徊的说。
徘,U+5F98,5,ev_solo_uematsu22a#1,徘徊异空间
怨,U+6028,5,menu_dic_eg_cv_mkai#1,那份怨气弱世化，而开发出的机器
怨,U+6028,5,menu_dic_eg_du_dkef#2,嘟嘟囔囔的，与其说是怨恨，不如说是嫉妒！
怨,U+6028,5,menu_dic_eg_pk_amaz#1,土里的加拉哈德之剑一敲，怨恨的力量
憎,U+618E,5,menu_dic_eg_ev_eegg#1,把悲伤和快乐、愤怒和憎恨变成梦幻的力量，
憎,U+618E,5,ev_end_pre04#2,憎恶全宇宙的叛乱开始了。
憎,U+618E,5,ev_end_pre12#2,憎恶全宇宙的叛乱开始了。
憾,U+61BE,5,ev_tue_st28,卡特莉·伊奈：遗憾的是，好像就是那样呢！
憾,U+61BE,5,ev_fri_cl30#1,遗憾的是，这里的生命体
憾,U+61BE,5,trump_heiji_ms_ng#0,，遗憾！
拟,U+62DF,5,pad_alert#0,模拟手柄（DUALSHOCK
拟,U+62DF,5,pad_alert#2,模拟手柄（DUALSHOCK
拟,U+62DF,5,menu_tutorial_mes16#1,用模拟摇杆可以自由移动全员的说
拾,U+62FE,5,ev_tue_bs04#1,来收拾你。
拾,U+62FE,5,f_thu_35#0,马蒂斯：赶快收拾掉吧。
拾,U+62FE,5,eg_ms_170_ms2#1,一击就收拾了。
捏,U+634F,5,eg_du_nink_ms2#1,捏住了鼻子。
捏,U+634F,5,eg_du_nink_ms21#1,捏住了鼻子。
捏,U+634F,5,ev_gen_no533#5,真由：那个要捏、揉、拼、读
捞,U+635E,5,eg_du_119_at1,怪长捞
捞,U+635E,5,eg_du_119_at2,怪字捞
捞,U+635E,5,eg_du_119_at3,怪合捞
搜,U+641C,5,menu_dic_eg_cv_mkai#0,家威军一不商军，把通贩占搜寻的
搜,U+641C,5,ev_thu_st38#1,去搜索这颗星的说。
搜,U+641C,5,f_fri_85_2#5,先搜索其他据点的说。
斩,U+65A9,5,ev_sun_cl68#1,斩断灾厄的连锁的说！
斩,U+65A9,5,ev_thu_pre02#0,被腰斩的游戏『映像勇』把这个带
斩,U+65A9,5,eg_pw_hvms_ms1#0,重蛾把深深燃起的斩、打进一击里的心情之深
昔,U+6614,5,menu_dic_eg_le_sale#0,3思、4思降是理所当然。昔日的赤明合！
昔,U+6614,5,ev_mon_cl26#0,鲁奈：昔日，生不出男孩的时候
昔,U+6614,5,ev_mon_cl53#0,鲁奈：这颗蛋，是昔日浪漫王室
梗,U+6897,5,menu_trump128#0,画着勇新作梗的
梗,U+6897,5,ev_gho_int_b34#1,让本4接了梗
梗,U+6897,5,ev_gho_int_c11,卡特莉·伊奈：那个梗能不能适可而止？
棍,U+68CD,5,ev_thu_st25,卡特莉·伊努：曲、曲棍球面具的男人。
棍,U+68CD,5,ev_thu_st26#0,曲棍球面具的男人：那个
棍,U+68CD,5,eg_pw_broc_at1,双节棍
槌,U+69CC,5,menu_dic_eg_le_kegg#2,王者小槌，是把那怪小力变成攻击力
槌,U+69CC,5,eg_le_kegg_at1,王者小槌
槌,U+69CC,5,eg_le_kegg_ms1,艾格曼王：王者小槌和普通小槌，理由可不一样
様,U+69D8,5,menu_dic_eg_ms_grap#0,比如说，老把上生様在嘴边的你的父亲，
様,U+69D8,5,menu_dic_eg_ms_mand#0,初年反，茄子人的様星！喜小合的失通道」！
様,U+69D8,5,menu_dic_eg_ms_mand#1,像被谁始着似的，被蜜蜂様着，
汗,U+6C57,5,eg_pw_kawa_ms1#1,出汗了。
汗,U+6C57,5,eg_pw_kawa_ms11#1,出汗了。
汗,U+6C57,5,eg_du_caml_d#1,一滴汗也没出！
汝,U+6C5D,5,ev_gho_bs12b,梅尔克里：与汝赌上性命的战斗哪。
汝,U+6C5D,5,eg_cl_ugku_vo21,动猿：给汝抓挠。
汝,U+6C5D,5,dg_common_seal#1,认可汝之力量
泪,U+6CEA,5,eg_cv_atom_d,阿特美：阿特美泪汪汪的！
泪,U+6CEA,5,eg_du_cofe_ms3#0,咖啡节拍：热编的泪溢出来！
泪,U+6CEA,5,eg_du_cofe_ms31#0,咖啡节拍：热编的泪溢出来！
津,U+6D25,5,eg_pw_bari_vo3#1,斗士的宿命吗，无限的河津挂。。
津,U+6D25,5,eg_pk_yayo_ms23,弥生：吃得津津有味。
津,U+6D25,5,eg_pk_yayo_ms24,弥生：吃得津津有味。
涨,U+6DA8,5,menu_dic_179#7,想涨一点！
涨,U+6DA8,5,eg_ms_eggb_ms21#1,身形涨红了！
涨,U+6DA8,5,eg_ms_eggb_ms22#1,身形涨红了！
溅,U+6E85,5,eg_pk_hydr_ms2#1,吻得状水花溅了上来。
溅,U+6E85,5,eg_pk_hydr_ms21#1,吻得状水花溅了上来。
溅,U+6E85,5,eg_pk_hydr_ms22#1,吻得状水花溅了上来。
溢,U+6EA2,5,menu_dic_eg_le_hyak#1,用满溢的那股力量，给人端上凉豆
溢,U+6EA2,5,eg_du_cofe_ms3#0,咖啡节拍：热编的泪溢出来！
溢,U+6EA2,5,eg_du_cofe_ms31#0,咖啡节拍：热编的泪溢出来！
溺,U+6EBA,5,f_ear_22#0,彭普蒂：沉溺于文明的文明体
溺,U+6EBA,5,eg_le_oden_ms3#1,溺在／合里了！
溺,U+6EBA,5,eg_le_oden_ms4#1,溺在／合里了！
滋,U+6ECB,5,eg_we_momo_w,莫莫里斯：莫莫里斯美滋滋地活着这次。
滋,U+6ECB,5,okunote_yoiko_tk#1,哧溜哧溜。啪滋啪滋。啪嚓啪嚓。啾噜。
滋,U+6ECB,5,ev_solo_egg6#0,卡特莉·伊奈：滋润干渴心灵
炫,U+70AB,5,menu_dic_113#4,也没什么好炫耀！
炫,U+70AB,5,menu_dic_268#3,擅长：能拿来炫耀的
炫,U+70AB,5,menu_dic_67#3,擅长：能拿来炫耀的
珍,U+73CD,5,menu_dic_eg_we_momo#2,这次和珍珠粉逃好星！
珍,U+73CD,5,okunote_cook_tk#0,请你吃我珍藏的土」自！
珍,U+73CD,5,dg_common_tekken08#1,把珍藏已久的拿出来！
疯,U+75AF,5,menu_dic_eg_cv_mkai#0,疯狂科学家威军一不商军，把
疯,U+75AF,5,menu_dic_eg_du_frkn#0,由疯狂科学家博士造出的、人造
疯,U+75AF,5,menu_dic_eg_pw_kawa#0,疯狂科学家博士开发的
盛,U+76DB,5,ev_gho_int_c35#1,种东西终究是鱼腥草开得很盛哦。
盛,U+76DB,5,eg_ms_eggb_ms2,格宝宝把世界的悲伤解开，盛大欢喜了！
盛,U+76DB,5,eg_ms_eggb_ms21#0,艾格宝宝被盛大的敌人吓到，
码,U+7801,5,menu_dic_333#7,一周单反数码相机！
码,U+7801,5,menumes_composite_select_egg#1,输入解开优先的密码！
码,U+7801,5,ev_ear_pre08#1,已不只是我们的戏码！
社,U+793E,5,menu_dic_322#7,拼布社团！
社,U+793E,5,menu_dic_39#6,兴趣特技：有空手道社团
社,U+793E,5,ev_plo_test#30,社长开口了！
窒,U+7A92,5,eg_ev_smok_at2,窒息烟
窒,U+7A92,5,eg_ev_smok_ms2#1,窒息了。
窒,U+7A92,5,eg_ev_smok_ms21#1,窒息了。
簧,U+7C27,5,menu_dic_eg_le_grcl#0,分、尖的分，最大的长是弹簧！
簧,U+7C27,5,eg_le_grcl_at3,弹簧
簧,U+7C27,5,eg_le_grcl_ms3#1,在弹簧弯的地方被干掉了。
织,U+7EC7,5,planet_08_help#2,彼此交织的星
织,U+7EC7,5,ev_tue_st66#0,马蒂斯：为了夺回被谜之组织贾多抢走的
织,U+7EC7,5,ev_tue_st67,彭普蒂：谜之组织？
罚,U+7F5A,5,ev_thu_cl44#2,那是对吾所造成的今日的惩罚，吾做好了觉悟！
罚,U+7F5A,5,eg_du_ramu_vo1,拉姆：再也不怖了哦。要罚哦。
罚,U+7F5A,5,eg_du_tmse_vo11#4,透明战队：黑黑惩罚。
罢,U+7F62,5,ev_gho_int_b19#1,上映预告罢了4！
罢,U+7F62,5,ev_august11,将军们打消了罢工的念头。
罢,U+7F62,5,ev_solo_caution14#7,将军罢工
育,U+80B2,5,menu_dic_113#0,参加动机：孩子的教育费
育,U+80B2,5,menu_dic_249#0,参加动机：体育悠闲。
育,U+80B2,5,ev_thu_cl29#2,美感教育都破产了呢！
胳,U+80F3,5,eg_pk_tmni_ms21#1,胳肢了一下。
胳,U+80F3,5,eg_pk_tmni_ms212#1,胳肢了一下。
胳,U+80F3,5,eg_pk_tmni_vo2,透明人：胳肢一下啦。
臣,U+81E3,5,ev_sun_st04#1,担任这颗阿尔玛之月惑星大臣的
臣,U+81E3,5,f_sun_08#1,大臣可看不惯那副含糊的样子。
臣,U+81E3,5,ev_mon_st07,大臣大人。
荐,U+8350,5,menu_dic_451#0,参加动机：被父亲强烈推荐
荐,U+8350,5,menu_dic_453#1,强烈推荐！
荐,U+8350,5,ev_sun_st35#4,推荐用○
蒿,U+84BF,5,d_dung_0552,龙蒿：拥有不可思议力量的盒子
蒿,U+84BF,5,d_dung_0553#0,龙蒿：啊啊，王者的盒子的话
蒿,U+84BF,5,d_dung_0554#0,龙蒿：那人好像要召唤什么可怕
螂,U+8782,5,trump_gokipurin_ms#0,吃了蟑螂布丁！
螂,U+8782,5,trump_gokipurin_ms_ng#0,把蟑螂布丁扔掉了！可是！
螂,U+8782,5,trump_gokipurin_ms_ng#1,扔掉的蟑螂布丁又回到宝物袋里了！
蟑,U+87D1,5,trump_gokipurin_ms#0,吃了蟑螂布丁！
蟑,U+87D1,5,trump_gokipurin_ms_ng#0,把蟑螂布丁扔掉了！可是！
蟑,U+87D1,5,trump_gokipurin_ms_ng#1,扔掉的蟑螂布丁又回到宝物袋里了！
诅,U+8BC5,5,okunote_usi_ms,做了心的诅咒，报应却回到了自己身上
诅,U+8BC5,5,ev_colosseum26#1,先生，把被诅咒的Death
诅,U+8BC5,5,ev_gen_no511_1#0,伊诺：这是诅咒留言
谋,U+8C0B,5,menu_dic_132#3,擅长：在备战里出谋划策
谋,U+8C0B,5,menu_dic_240#7,出谋划策！
谋,U+8C0B,5,menu_dic_291#0,参加动机：跟着会在备战出谋的
貌,U+8C8C,5,menu_dic_eg_du_frns#0,看这样可是团长的公主！容貌不怎么样，
貌,U+8C8C,5,menu_dic_eg_pk_amaz#0,把那悩的容貌变成以前的临繰、连着初的
貌,U+8C8C,5,f_mon_16#0,有足以让诸星王族争夺的美貌的
跃,U+8DC3,5,menu_dic_eg_cl_ball#2,就以蛋怪身份活跃着！
跃,U+8DC3,5,ev_sun_st28#0,特莉·伊奈：前作里我的活跃
跃,U+8DC3,5,eg_le_grcl_w,石像鬼：跳。踏。跃。。
跨,U+8DE8,5,eg_du_frkn_ms3,弗兰肯：跨着法兰克福明攻了。
跨,U+8DE8,5,general_150_w,跨界也请多多关照……
跨,U+8DE8,5,dg_common_CanWarp_fst#1,吾之敌能否跨越
辑,U+8F91,5,menu_dic_139#7,剪辑交给我！
辑,U+8F91,5,ev_solo_uematsu13a#0,植松伸夫：黑魔导士第二专辑也发末了
辑,U+8F91,5,eg_bo_fuyu_vo3_1#0,冬子：特辑的【联谊上钓到新恋】呀
逛,U+901B,5,menu_dic_eg_cl_lamp#2,说到兴趣，大概就是休息日逛市场！
逛,U+901B,5,menu_dic_eg_du_kero#1,好的卷发一乱，就会悲伤地逛魔场！
逛,U+901B,5,ev_ending128#1,逛逛。
逼,U+903C,5,menu_dic_187#0,参加动机：在节目里被逼着
逼,U+903C,5,menu_dic_eg_cv_alec#1,世界生命军中的英中，把人逼进恐慌！
逼,U+903C,5,menu_dic_eg_pk_hydr#1,先逼过来，相当的小恶魔！
邀,U+9080,5,menu_dic_322#1,邀请才进的！
邀,U+9080,5,menu_dic_401#1,邀请了！
邀,U+9080,5,menu_dic_eg_we_ttya#1,今从电视映那儿，拆段子的邀约复了！
酷,U+9177,5,ev_thu_cl34,塞巴斯蒂安：好残酷的话的说！
酷,U+9177,5,eg_pw_kimr_vo1#4,奇美拉王：我们这帮酷地奇美。
酷,U+9177,5,ev_solo_atashi52#1,变成「酷美人硬派女人」的部队
钦,U+94A6,5,menu_dic_eg_ms_fbby#0,和终的中人嘎钦以）识讨连着的满君！
钦,U+94A6,5,eg_ms_fbby_w#0,霜之宝宝：嘎钦——————。。。
钦,U+94A6,5,eg_ms_fbby_w#1,嘎钦分明是胜利的呐喊！
键,U+952E,5,f_sun_42_3#0,塞巴斯蒂安：再按转换键
键,U+952E,5,ev_solo_daruma2#1,按住○键前进
键,U+952E,5,ev_solo_jump2#1,派：用○键把握时机
锯,U+952F,5,menu_dic_eg_du_coin#2,把这种疑问放在心里，又在锯齿的地方嘎吱嘎吱！
锯,U+952F,5,eg_cl_nalt_at1,锯齿
锯,U+952F,5,eg_cv_mnal_at1,锯齿
额,U+989D,5,eg_ms_snyt_ms3#1,在额头上啾了一下！
额,U+989D,5,eg_ms_snyt_ms31#1,在额头上啾了一下！
额,U+989D,5,boss_ata8_que_0#1,现在的波奇利额
驶,U+9A76,5,ev_fri_pre02#2,卡特莉·德·奥马尔，驶入了无人船坞！
驶,U+9A76,5,eg_tg_omeg_d1,欧米茄：滑。驾驶舱的鸣门化开了！
驶,U+9A76,5,eg_tg_omeg_d2,欧米茄：糊。驾驶舱的鸣门化开了！
骂,U+9A82,5,menu_dic_370#7,会被骂吧！
骂,U+9A82,5,eg_pw_kimr_w#0,奇美拉王：要骂爆了我们你们！
骂,U+9A82,5,eg_cv_bari_at3,骂
魅,U+9B45,5,menu_dic_472#7,很有魅力吧？
魅,U+9B45,5,menu_dic_61#1,很有魅力！
魅,U+9B45,5,menu_dic_eg_pw_mggm#2,开分掘藏的魅力反不低，魔坏很硬！
