id,jp,zh,notes,kind
catori_tutorial#0,セバスチャン殿。,塞巴斯蒂安大人。,ram_1004_fmenu,text
catori_tutorial#1,移動星「カトリ・デ・オマール」を使っての,使用移动星「卡特莉·德·奥马尔」,ram_1004_fmenu,text
catori_tutorial#2,初めての戦いですな。,进行的第一次战斗的说。,ram_1004_fmenu,text
catori_tutorial#3,セバスチャンこのカトリ・デ・オマールは,塞巴斯蒂安：这艘卡特莉·德·奥马尔,ram_1004_fmenu,text
catori_tutorial#4,○で選択して「はっしん」を選ぶことで,用○选中后再选「出发」，,ram_1004_fmenu,text
catori_tutorial#5,さまざまな装所へと、星ごと移動ができますぞ！,就能连星球一起挪到各种据点去的说！,ram_1004_fmenu,text
catori_tutorial#6,セバスチャンただし、他の星や界場などの,塞巴斯蒂安：不过，其他星球或战场等,ram_1004_fmenu,text
catori_tutorial#7,敵星があるところには移動できませぬ！,有敌星的地方是去不了的！,ram_1004_fmenu,text
catori_tutorial#8,間（）ですじゃ。,很简单的说。,ram_1004_fmenu,text
catori_tutorial#9,セバスチャンカトリ・デ・オマールをうまく使い,塞巴斯蒂安：把卡特莉·德·奥马尔用好，,ram_1004_fmenu,text
catori_tutorial#10,効挑／に将軍の回。をすることで,高效地让将军轮换，,ram_1004_fmenu,text
catori_tutorial#11,戦いを熟了に進めるのですぞ。,就能把战局推向有利的说。,ram_1004_fmenu,text
fmenu_04,が、界場を発見した。,发现了战场。,ram_1004_fmenu,text
fmenu_annihilation_friend,たちは、全好した。,全灭了。,ram_1004_fmenu,text
fmenu_atom_catori#0,消,消,ram_1004_fmenu,text
fmenu_atom_catori#1,本…役が星字臨の本他に軍反,本……角色被配置到本星以外后反击,ram_1004_fmenu,text
fmenu_attack_boss,が、に戦いを挑んだ。,发起了战斗。,ram_1004_fmenu,text
fmenu_attack_castle#0,が、に,向,ram_1004_fmenu,text
fmenu_attack_castle#1,攻め雄んだ。,攻入了。,ram_1004_fmenu,text
fmenu_attack_empty_castle,が、を占装した。,占领了。,ram_1004_fmenu,text
fmenu_bossname#0,モット・クーモン,莫特·库蒙,ram_1004_fmenu,text
fmenu_bossname#1,モット・スーモン,莫特·苏蒙,ram_1004_fmenu,text
fmenu_bossname#2,反金連選,四次元军,ram_1004_fmenu,text
fmenu_bossname#3,オーァリウム星,奥拉利乌姆星,ram_1004_fmenu,text
fmenu_bossname#4,少中敗新開発施「,艾格妈妈研发设施,ram_1004_fmenu,text
fmenu_bossname#5,核ミサイル,核导弹,ram_1004_fmenu,text
fmenu_bossname#6,反金連選変進終,四次元·进化体,ram_1004_fmenu,text
fmenu_bossname#7,反金連選変置終,四次元·配置体,ram_1004_fmenu,text
fmenu_bossname#8,反金連選変力終,四次元·力量体,ram_1004_fmenu,text
fmenu_bossname#9,反金連選変効終,四次元·效果体,ram_1004_fmenu,text
fmenu_clear,フィールドクリア。,地图过关。,ram_1004_fmenu,text
fmenu_defence_castle,が、隊に攻め雄まれた。,遭到部队攻入。,ram_1004_fmenu,text
fmenu_defence_castle_any#0,が、,，,ram_1004_fmenu,text
fmenu_defence_castle_any#1,隊に攻め雄まれました。,遭到部队攻入。,ram_1004_fmenu,text
fmenu_defence_castle_any#2,戦う全番を決めてください。,请决定参战的全部人员。,ram_1004_fmenu,text
fmenu_defence_empty_castle,が隊に占装されてしまった。,据点被部队占领了。,ram_1004_fmenu,text
fmenu_encount_enemy,が、隊と能惑した。,与部队遭遇了。,ram_1004_fmenu,text
fmenu_gameover_marutis,マルティスが、死んでしまった。,马蒂斯死去了。,ram_1004_fmenu,text
fmenu_gen_01#0,ゲンさんらっしゃい。,源桑：欢迎光临。,ram_1004_fmenu,text
fmenu_gen_01#1,お客さん、あんたなにかワケありだね？,客人，你看着像有点隐情啊？,ram_1004_fmenu,text
fmenu_gen_01_2#0,ゲンさんウチの力り敵は英雄をも超えて、お以けするぜ！,源桑：我家货色强到连英雄都比不过，包您满意！,ram_1004_fmenu,text
fmenu_gen_01_2#1,なにか撃ってかねーかい？,不买点什么吗？,ram_1004_fmenu,text
fmenu_gen_01_sel#0,うむっ。,嗯。,ram_1004_fmenu,text
fmenu_gen_01_sel#1,いかんっ。,不行。,ram_1004_fmenu,text
fmenu_gen_02,ゲンさんどれにすんだい？,源桑：要哪一件？,ram_1004_fmenu,text
fmenu_gen_03#0,ゲンさんま、どうしてもたあ始わねえや！,源桑：唉，说什么我也不懂啦！,ram_1004_fmenu,text
fmenu_gen_03#1,けど、ムリしなさんなよ。,不过别太勉强自己啊。,ram_1004_fmenu,text
fmenu_gen_04#0,ゲンさん金強。,源桑：谢谢惠顾。,ram_1004_fmenu,text
fmenu_gen_04#1,お客さん、またなんかあったね？,客人，又出什么事了？,ram_1004_fmenu,text
fmenu_gen_04_2#0,ゲンさん友くは「かねえよ！,源桑：库存可不够啊！,ram_1004_fmenu,text
fmenu_gen_04_2#1,なにか撃ってかねかい？,不买点什么吗？,ram_1004_fmenu,text
fmenu_gen_05,ゲンさんあいよっ。で、どれにすんだい？,源桑：好嘞。那要哪一件？,ram_1004_fmenu,text
fmenu_gen_08#0,ゲンさんそうかい！,源桑：这样啊！,ram_1004_fmenu,text
fmenu_gen_08#1,ま、人それぞれ占情ってモンあるしな！,嘛，人各有各的情况嘛！,ram_1004_fmenu,text
fmenu_gen_08#2,気いつけて所きな。,路上小心。,ram_1004_fmenu,text
fmenu_gen_buy#0,ゲンさん撃ったもんは、お客さんの星に以けておいたぜ！,源桑：买下的东西已经送到客人的星球上了！,ram_1004_fmenu,text
fmenu_gen_buy#1,じゃな！気いつけて所きな。,回见！路上小心。,ram_1004_fmenu,text
fmenu_momo_01#0,が、モモリスのほお打から,从莫莫里斯的脸颊里,ram_1004_fmenu,text
fmenu_momo_01#1,きりふだ「」の今回を入土した。,入手了王牌「」的效果。,ram_1004_fmenu,text
fmenu_momo_01a#0,キリー・フッダーピャホホホ繰,基利·福达：呀哈哈哈,ram_1004_fmenu,text
fmenu_momo_01a#1,モモリスのほお能に入っている世界には,藏在莫莫里斯脸颊里的世界中，,ram_1004_fmenu,text
fmenu_momo_01a#2,きりふだ「映の惑分がかくされているのじゃ！,王牌的影像被藏起来了的说！,ram_1004_fmenu,text
fmenu_momo_01a_2#0,キリー・フッダー守壊までには、アルマムーンの小る強中星勇,基利·福达：在那之前，阿尔玛之月的所有星球，,ram_1004_fmenu,text
fmenu_momo_01a_2#1,このキリー・フッダーが世界を小活し,就由我基利·福达来拯救世界，,ram_1004_fmenu,text
fmenu_momo_01a_2#2,きりふだを「映力選にしておきますぞ！,并把王牌设为可选用的说！,ram_1004_fmenu,text
fmenu_momo_01a_3#0,キリー・フッダーきりふだは、「壊イチメニュー」の,基利·福达：王牌的话，从「月次菜单」的,ram_1004_fmenu,text
fmenu_momo_01a_3#1,「きりふだ激入」からワシのところに来れば,「购买王牌」到我这儿来，,ram_1004_fmenu,text
fmenu_momo_01a_3#2,使うことができるからの！,就能使用了哦！,ram_1004_fmenu,text
fmenu_momo_01a_4#0,キリー・フッダーいつでも待っておるぞ,基利·福达：随时恭候的说,ram_1004_fmenu,text
fmenu_momo_01a_4#1,キヒヒ！,嘻嘻嘻！,ram_1004_fmenu,text
menu_battle_help_mes1,エッグモンスターをー喚することができます！,可以召唤蛋怪！,ram_1006_menu,text
menu_battle_help_mes10,エッグモンスターが使うことのできる・です！,这是蛋怪能够使用的技能！,ram_1006_menu,text
menu_battle_help_mes11,エッグモンスターをたまごに開すことができます！,可以把蛋怪收回蛋里！,ram_1006_menu,text
menu_battle_help_mes12,将軍と部隊が一体となり、を攻撃します！,将军与部队合为一体发动攻击！,ram_1006_menu,text
menu_battle_help_mes13,逃ダメージを与えられますが、なかなか弱半しません！,能打出大量伤害，但很难全灭对方！,ram_1006_menu,text
menu_battle_help_mes2,いろいろな効小のある「きりふだ」を使軍します！,使用有各种效果的「王牌」！,ram_1006_menu,text
menu_battle_help_mes3,たいきゃくをします！,实行撤退！,ram_1006_menu,text
menu_battle_help_mes4,イチかバチかの「おくのて」攻撃です！,孤注一掷的「杀手锏」攻击！,ram_1006_menu,text
menu_battle_help_mes5,誰のきりふだを使いますか？,使用谁的王牌？,ram_1006_menu,text
menu_battle_help_mes6#0,どのきりふだを使うかを決まったら,决定好要使用哪张王牌后，,ram_1006_menu,text
menu_battle_help_mes6#1,○をしてください！,请按○！,ram_1006_menu,text
menu_battle_help_mes7#0,いっぺんに1人から3人まで,一次可以从1人到3人,ram_1006_menu,text
menu_battle_help_mes7#1,エッグモンスターをー喚することができます！,召唤蛋怪！,ram_1006_menu,text
menu_battle_help_mes8#0,それぞれー喚したいエッグモンスターを選んだら,各自选好要召唤的蛋怪后，,ram_1006_menu,text
menu_battle_help_mes8#1,○をしてください！,请按○！,ram_1006_menu,text
menu_battle_help_mes9#0,ー喚するエッグモンスターを決めたら,决定好要召唤的蛋怪后，,ram_1006_menu,text
menu_battle_help_mes9#1,一番討の「決定」でー喚開始です！,用最下方的「确定」开始召唤！,ram_1006_menu,text
menu_composite_eggmon_command#0,こうたい,替换,ram_1006_menu,text
menu_composite_eggmon_command#1,はずす,卸下,ram_1006_menu,text
menu_composite_eggmon_no_leader#0,リーダーになるエッグモンスターを,请把要当队长的蛋怪,ram_1006_menu,text
menu_composite_eggmon_no_leader#1,ユニットの中配に字臨してください！,配置到小队中央！,ram_1006_menu,text
menu_composite_eggmon_platoon_select#0,場・入に出入させるエッグモンスターを編弱してください！,请编成要派上战场的蛋怪！,ram_1006_menu,text
menu_composite_eggmon_platoon_select#1,で編弱を終了します！,在此结束编成！,ram_1006_menu,text
menu_composite_eggmon_term#0,これでエッグモンスターの編弱を終了します！,就此结束蛋怪编成！,ram_1006_menu,text
menu_composite_eggmon_term#1,よろしいですか？,可以吗？,ram_1006_menu,text
menu_dung_send_really,この部隊でよろしいですか？,用这支部队可以吗？,ram_1006_menu,text
menu_dung_send_select#0,力激する部隊を,请选择要,ram_1006_menu,text
menu_dung_send_select#1,選択してください！,出击的部队！,ram_1006_menu,text
menu_dung_trump_dump_error,それを捨てるなんてとんでもない。,把那个丢掉也太离谱了。,ram_1006_menu,text
menu_dung_trump_need_target,他数になるが・くにいません！,附近没有能当作对象的人！,ram_1006_menu,text
menu_egg_recover_cm_all#0,すべてのエグモンを,选择全部,ram_1006_menu,text
menu_egg_recover_cm_all#1,選択します！,蛋怪！,ram_1006_menu,text
menu_egg_recover_cm_recover,これでよろしいですか？,这样可以吗？,ram_1006_menu,text
menu_egg_recover_cm_select#0,エグモンを。反する部隊を,可以选择要修复蛋怪的,ram_1006_menu,text
menu_egg_recover_cm_select#1,選ぶことができます！,部队！,ram_1006_menu,text
menu_egg_recover_command#0,選択,选择,ram_1006_menu,text
menu_egg_recover_command#1,全大,全部,ram_1006_menu,text
menu_egg_recover_command#2,。反,修复,ram_1006_menu,text
menu_egg_recover_no_general#0,能力が力っているエグモンが,能力下降的蛋怪,ram_1006_menu,text
menu_egg_recover_no_general#1,1体もいません！,一只也没有！,ram_1006_menu,text
menu_egg_recover_no_money,ポッキリが足りません心心,波奇利不够了,ram_1006_menu,text
menu_egg_recover_no_select#0,。反するエグモンが,还没有选中,ram_1006_menu,text
menu_egg_recover_no_select#1,選ばれていません！,要修复的蛋怪！,ram_1006_menu,text
menu_egg_recover_term#0,誰軍,费用,ram_1006_menu,text
menu_egg_recover_term#1,団,团,ram_1006_menu,text
menu_egg_recover_term#2,姿,姿态,ram_1006_menu,text
menu_egg_recover_term#3,人持読,所持金,ram_1006_menu,text
menu_egg_revive_cm_all#0,すべての部隊のたまごを,选择全部部队的,ram_1006_menu,text
menu_egg_revive_cm_all#1,選択します！,蛋！,ram_1006_menu,text
menu_egg_revive_cm_recover,これでよろしいですか？,这样可以吗？,ram_1006_menu,text
menu_egg_revive_cm_select#0,たまごを反活する部隊を,可以选择要让蛋复活的,ram_1006_menu,text
menu_egg_revive_cm_select#1,選ぶことができます！,部队！,ram_1006_menu,text
menu_egg_revive_command#0,選択,选择,ram_1006_menu,text
menu_egg_revive_command#1,全大,全部,ram_1006_menu,text
menu_egg_revive_command#2,反活,复活,ram_1006_menu,text
menu_egg_revive_no_general#0,壊れているたまごが,损坏的蛋,ram_1006_menu,text
menu_egg_revive_no_general#1,ありません！,已经没有了！,ram_1006_menu,text
menu_egg_revive_no_money,ポッキリが足りません心心,波奇利不够了,ram_1006_menu,text
menu_egg_revive_no_select#0,反活させるたまごが、,还没有选中,ram_1006_menu,text
menu_egg_revive_no_select#1,選ばれていません！,要复活的蛋！,ram_1006_menu,text
menu_egg_revive_term#0,誰軍,费用,ram_1006_menu,text
menu_egg_revive_term#1,団,团,ram_1006_menu,text
menu_egg_revive_term#2,姿,姿态,ram_1006_menu,text
menu_egg_revive_term#3,人持読,所持金,ram_1006_menu,text
menu_emp_gen#0,造反部隊は、ポッキリ！,造反部队要波奇利！,ram_1006_menu,text
menu_emp_gen#1,反部隊は、ポッキリの費誰がかかります！,正规部队要花费波奇利的费用！,ram_1006_menu,text
menu_emp_gen_too#0,セバスチャンわが隊の部隊は、すでに十分おりますぞ！,塞巴斯蒂安：我军部队已经十分充足了的说！,ram_1006_menu,text
menu_emp_gen_too#1,これ与上は、殿には！,再多下去，殿下可吃不消！,ram_1006_menu,text
menu_emp_sol#0,将軍1人、1ポッキリのメーロー喜使です！,将军每人1波奇利的招募费！,ram_1006_menu,text
menu_emp_sol#1,造人回復しますか？,要恢复几人？,ram_1006_menu,text
menu_field_main_command_1,わが隊の状？を見ます！,查看我军状况！,ram_1006_menu,text
menu_field_main_command_2,星・装所一逃を見ます！,查看星球·据点一览！,ram_1006_menu,text
menu_field_main_command_3,オプションの「定を所います！,进行选项设定！,ram_1006_menu,text
menu_field_main_command_4,現誰の戦況を楽姿します！,记录当前的战况！,ram_1006_menu,text
menu_field_main_command_5,攻好をあきらめ、隊を撤収します！,放弃攻略，让部队撤收！,ram_1006_menu,text
menu_field_main_unit,に将属します！,隶属于此！,ram_1006_menu,text
menu_field_retreat_early,撤収するには、まだ早すぎます！,现在撤收还太早！,ram_1006_menu,text
menu_field_retreat_really,本当に隊を撤収させますか？,真的要让部队撤收吗？,ram_1006_menu,text
menu_gensan_buy_trump_decision,これでいいんだな？,这样可以吧？,ram_1006_menu,text
menu_gensan_buy_trump_full1,もうしわけねぇが、そのきりふだはそれ与上持てねぇぜ！,对不住，那张王牌不能再多拿了！,ram_1006_menu,text
menu_gensan_buy_trump_full2,もうしわけねぇが、おたからぶくろがいっぱいだぜ！,对不住，宝袋已经装满了！,ram_1006_menu,text
menu_gensan_buy_trump_nomoney,もうしわけねぇが、ポッキリが足りてねぇな！,对不住，波奇利不够啊！,ram_1006_menu,text
menu_gensan_buy_trump_number,このきりふだをいくつ撃ってくれんだい？,这张王牌要买几张？,ram_1006_menu,text
menu_monthly_buy_trump#0,【きりふだ現入】,【购买王牌】,ram_1006_menu,text
menu_monthly_buy_trump#1,キリー・フッダー商軍から、きりふだを現入します！,从商人基利·福达处购买王牌！,ram_1006_menu,text
menu_monthly_buy_trump_decision,これでいいのだな？,这样可以吧？,ram_1006_menu,text
menu_monthly_buy_trump_full1,そのきりふだは、それ以友大てないようだが！,那张王牌好像不能再多拿了！,ram_1006_menu,text
menu_monthly_buy_trump_nomoney,ポッキリが」りておらんが！,波奇利不够啊！,ram_1006_menu,text
menu_monthly_buy_trump_number,このきりふだをいくつ使うのかな？,这张王牌要用几张呢？,ram_1006_menu,text
menu_monthly_composite#0,【ユニット編弱】,【编成小队】,ram_1006_menu,text
menu_monthly_composite#1,部隊の入れ地えや、たまごの装備ができます！,可以更换部队成员、给蛋装备蛋怪！,ram_1006_menu,text
menu_monthly_emp_gen#0,【部隊合集】,【招募部队】,ram_1006_menu,text
menu_monthly_emp_gen#1,部隊能回喜に部隊合集を陣頼します！,向部队委托招募部队！,ram_1006_menu,text
menu_monthly_emp_sol#0,【将軍合集】,【招募将军】,ram_1006_menu,text
menu_monthly_emp_sol#1,将軍を合集し、大号の協装を回復します！,招募将军，恢复全员的疲劳！,ram_1006_menu,text
menu_monthly_goodby#0,【修壊号もお合しみに。】,【下次也请期待。】,ram_1006_menu,text
menu_monthly_goodby#1,メインメニューを終了します！,结束主菜单！,ram_1006_menu,text
menu_monthly_goodby2#0,【もどっちゃう？】,【要回去了？】,ram_1006_menu,text
menu_monthly_goodby2#1,メインメニューを終了します！,结束主菜单！,ram_1006_menu,text
menu_monthly_hensei_1,編弱をおこないたいヒーローユニットを選んでくだされ！,请选择要编成的英雄小队！,ram_1006_menu,text
menu_monthly_hensei_2#0,編弱をおこなう体を,请选择要编成的,ram_1006_menu,text
menu_monthly_hensei_2#1,選んでくだされ！,对象！,ram_1006_menu,text
menu_monthly_hensei_3#0,部隊のたまごは,部队的蛋,ram_1006_menu,text
menu_monthly_hensei_3#1,エッグモンスターを装備できる,能装备蛋怪的,ram_1006_menu,text
menu_monthly_hensei_3#2,容間が決まっております！,容量是固定的！,ram_1006_menu,text
menu_monthly_hensei_color#0,殿の持つカラフルエッグですじゃ！,这是殿下持有的彩色蛋的说！,ram_1006_menu,text
menu_monthly_hensei_color#1,おちゃらけたエッグモンスターばかりですが,虽然尽是些胡闹的蛋怪，,ram_1006_menu,text
menu_monthly_hensei_color#2,ここぞという待たよりになりますぞ。,到了紧要关头还是靠得住的说。,ram_1006_menu,text
menu_monthly_hensei_cyber#0,フライデー現の持つサイバーエッグですじゃ！,这是弗莱迪大人持有的电子蛋的说！,ram_1006_menu,text
menu_monthly_hensei_cyber#1,空中でできたエッグモンスターをー喚できますぞ！,可以召唤在宇宙中诞生的蛋怪的说！,ram_1006_menu,text
menu_monthly_hensei_dun#0,ダンジョンエッグですじゃ！,这是迷宫蛋的说！,ram_1006_menu,text
menu_monthly_hensei_dun#1,ダンジョンでつかまえてきたエッグモンスターが,在迷宫里捉到的蛋怪,ram_1006_menu,text
menu_monthly_hensei_dun#2,このたまごの中におりますぞ！,就在这颗蛋里的说！,ram_1006_menu,text
menu_monthly_hensei_evil#0,ペンプティ現の持つイビルエッグですじゃ！,这是彭普蒂大人持有的邪恶蛋的说！,ram_1006_menu,text
menu_monthly_hensei_evil#1,状？（消など、ひとすじなわではいかない,状况之类，尽是些不好对付的,ram_1006_menu,text
menu_monthly_hensei_evil#2,エッグモンスターが初いですぞ！,蛋怪的说！,ram_1006_menu,text
menu_monthly_hensei_kirihuda#0,きりふだ装備ですぞ！,王牌装备的说！,ram_1006_menu,text
menu_monthly_hensei_kirihuda#1,そうび択は持っているだけで、威力部がアップしますぞ！,装备卡只要拿着，威力就会上升的说！,ram_1006_menu,text
menu_monthly_hensei_kirihuda#2,のこりはバトルで使軍するといろいろな効小があります！,其余的在战斗里使用会有各种效果！,ram_1006_menu,text
menu_monthly_hensei_legend#0,読の持つレジェンドエッグですじゃ！,这是您持有的传说蛋的说！,ram_1006_menu,text
menu_monthly_hensei_legend#1,収使のエッグモンスターをー喚できますぞ！,可以召唤传说中的蛋怪的说！,ram_1006_menu,text
menu_monthly_hensei_misty#0,メルクリィ現の持つミスティーエッグですじゃ！,这是梅尔克里大人持有的迷雾蛋的说！,ram_1006_menu,text
menu_monthly_hensei_misty#1,不思半なエッグモンスターをー喚できますぞ！,可以召唤不可思议的蛋怪的说！,ram_1006_menu,text
menu_monthly_hensei_pink#0,ルーナエ現の持つピンクエッグですじゃ！,这是鲁奈大人持有的粉红蛋的说！,ram_1006_menu,text
menu_monthly_hensei_pink#1,かわいらしいエッグモンスターをー喚できますぞ！,可以召唤可爱的蛋怪的说！,ram_1006_menu,text
menu_monthly_hensei_power#0,マルティス現の持つパワーエッグですじゃ！,这是马蒂斯大人持有的力量蛋的说！,ram_1006_menu,text
menu_monthly_hensei_power#1,力敗いエッグモンスターが初いですぞ！,尽是些强壮的蛋怪的说！,ram_1006_menu,text
menu_monthly_hensei_web#0,ひみつエッグですじゃ！,这是秘密蛋的说！,ram_1006_menu,text
menu_monthly_hensei_web#1,ひみつの始葉を知っていたら、入力してみてくだされ！,如果知道密语，就输入试试看！,ram_1006_menu,text
menu_monthly_hensei_web#2,新しいエッグモンスターが生まれてきますぞ！,会诞生新的蛋怪的说！,ram_1006_menu,text
menu_monthly_layoff_gen#0,【部隊解将】,【解雇部队】,ram_1006_menu,text
menu_monthly_layoff_gen#1,部隊を解将します！,解雇部队！,ram_1006_menu,text
menu_monthly_option#0,【オプション】,【选项】,ram_1006_menu,text
menu_monthly_option#1,「定の消改を所います！,进行各种设定！,ram_1006_menu,text
menu_monthly_recover_eggmon#0,【たまご。反】,【修复蛋】,ram_1006_menu,text
menu_monthly_recover_eggmon#1,星にランプキンをよび、たまごを。反してもらいます！,把南瓜灯召到星球上，请它修复蛋！,ram_1006_menu,text
menu_monthly_revive_egg#0,【たまご反活】,【蛋复活】,ram_1006_menu,text
menu_monthly_revive_egg#1,こわれたたまごと、敗れたハートをいやすのは配,损坏的蛋和失去的心，要靠它来治愈,ram_1006_menu,text
menu_monthly_save#0,【セーブ】,【保存】,ram_1006_menu,text
menu_monthly_save#1,現誰の戦況を楽姿します！,记录当前的战况！,ram_1006_menu,text
menu_monthly_status#0,【わが隊の状？】,【我军状况】,ram_1006_menu,text
menu_monthly_status#1,アルマムーンの現誰の状？です！,阿尔玛之月当前的状况！,ram_1006_menu,text
menu_monthly_supply#0,【開ぐ】,【进贡】,ram_1006_menu,text
menu_monthly_supply#1,カトリ事妹に、協り星をあげます！,给卡特莉姐妹送上礼物！,ram_1006_menu,text
menu_monthly_supply#2,造強も開ぐを繰り隊していると！,连续进贡的话就会……！,ram_1006_menu,text
menu_monthly_supply_chose,カトリイネ、カトリイヌのどちらに開ぎますか？,要向卡特莉·伊奈还是卡特莉·伊努进贡？,ram_1006_menu,text
menu_no_money,ポッキリが足りません心心,波奇利不够了,ram_1006_menu,text
menu_off_gen,ど、どの部隊を？配,要、要解雇哪支部队？,ram_1006_menu,text
menu_off_gen_disable#0,セバスチャンわ、われわれなくしては,塞巴斯蒂安：没、没有我们的话,ram_1006_menu,text
menu_off_gen_disable#1,ゲームになりませんぞ。,这游戏就不成游戏了的说。,ram_1006_menu,text
menu_off_gen_no_money#0,セバスチャン壊は赤字ですぞ。,塞巴斯蒂安：经费已经赤字了的说。,ram_1006_menu,text
menu_off_gen_no_money#1,リストラせざるを心,不得不裁员,ram_1006_menu,text
menu_off_gen_no_money#2,ポッキリ変,波奇利……,ram_1006_menu,text
menu_off_gen_really,よろしいですか？,可以吗？,ram_1006_menu,text
menu_option_sound_config#0,箱空変大少セレクト,音效设定选择,ram_1006_menu,text
menu_option_sound_config#1,○変大少を「く,○　设定音效,ram_1006_menu,text
menu_option_sound_config#2,変カスタマイズ終了,结束自定义,ram_1006_menu,text
menu_option_sound_play,サウンドのステレオ／モノラルを「定します！,设定声音为立体声／单声道！,ram_1006_menu,text
menu_option_sound_se,システム大少のカスタマイズができます！,可以自定义系统音效！,ram_1006_menu,text
menu_option_stamina#0,白】戦でのスタミナ役誰を「定できます！,可以设定白刃战中的耐力消耗！,ram_1006_menu,text
menu_option_stamina#1,「連打」変○連打で、スタミナ役誰！,「连打」：连按○消耗耐力！,ram_1006_menu,text
menu_option_stamina#2,「オート」変○をし書けると、スタミナ役誰！,「自动」：按住○消耗耐力！,ram_1006_menu,text
menu_option_time,進隊中の待心の揺れを「定できます！,可以设定行进中的画面震动！,ram_1006_menu,text
menu_other_look_status1,部隊のくわしい情報です！,部队的详细情报！,ram_1006_menu,text
menu_other_look_status2#0,持っている,持有的,ram_1006_menu,text
menu_other_look_status2#1,エッグモンスターの,蛋怪,ram_1006_menu,text
menu_other_look_status2#2,一逃です！,一览！,ram_1006_menu,text
menu_other_trump_unit#0,どの部隊にきりふだを,要把王牌装备给,ram_1006_menu,text
menu_other_trump_unit#1,装備させますか？,哪支部队？,ram_1006_menu,text
menu_secret_egg_accept,エッグモンスター「」を土に入れた隊隊,把蛋怪「」入手了！,ram_1006_menu,text
menu_secret_egg_error,ひみつエッグに、なにも消心は起こらなかった！,秘密蛋没有任何反应！,ram_1006_menu,text
menu_secret_egg_word#0,よいこはマネできない,よいこはマネできない,ram_1006_menu,keep
menu_secret_egg_word#1,ピスクピグプレム,ピスクピグプレム,ram_1006_menu,keep
menu_secret_egg_word#2,はんじゅくヒーロー,はんじゅくヒーロー,ram_1006_menu,keep
menu_secret_egg_word#3,ワラワラワラワラウラワラワラワラ,ワラワラワラワラウラワラワラワラ,ram_1006_menu,keep
menu_secret_egg_word#4,能N190921勢,能N190921勢,ram_1006_menu,keep
menu_secret_egg_word#5,分以気友打敗外道敗打敗新友形編,分以気友打敗外道敗打敗新友形編,ram_1006_menu,keep
menu_secret_egg_word#6,だーだんだーだんだーだんだーだん,だーだんだーだんだーだんだーだん,ram_1006_menu,keep
menu_secret_egg_word#7,フェニックスのお,フェニックスのお,ram_1006_menu,keep
menu_secret_egg_word#8,あうん,あうん,ram_1006_menu,keep
menu_secret_egg_word#9,でんせつのりゅうのたまご,でんせつのりゅうのたまご,ram_1006_menu,keep
menu_secret_egg_word#10,100まんえんゴルフかいいんけん,100まんえんゴルフかいいんけん,ram_1006_menu,keep
menu_secret_egg_word#11,あいをみつけるそのひまで,あいをみつけるそのひまで,ram_1006_menu,keep
menu_secret_egg_word#12,ひつじがいっぴき,ひつじがいっぴき,ram_1006_menu,keep
menu_secret_egg_word#13,ひりゅうのやり,ひりゅうのやり,ram_1006_menu,keep
menu_secret_egg_word#14,あしたてんきになあれ,あしたてんきになあれ,ram_1006_menu,keep
menu_secret_egg_word#15,せんしゃにきをつけろ,せんしゃにきをつけろ,ram_1006_menu,keep
menu_secret_egg_word#16,フリーダーム。フリーダーム。。,フリーダーム。フリーダーム。。,ram_1006_menu,keep
menu_secret_egg_word#17,ファイナルクエスト装ー2インター,ファイナルクエスト装ー2インター,ram_1006_menu,keep
menu_secret_egg_word#18,きてますきてます,きてますきてます,ram_1006_menu,keep
menu_secret_egg_word#19,ごりようはけいかくてきに,ごりようはけいかくてきに,ram_1006_menu,keep
menu_status_eggmon_dic#0,【エッグモンスター逃待造】,【蛋怪图鉴】,ram_1006_menu,text
menu_status_eggmon_dic#1,活食にしているエッグモンスターを見ることができます！,可以查看已收录的蛋怪！,ram_1006_menu,text
menu_status_general_dic#0,【部隊人？占所】,【部队图鉴】,ram_1006_menu,text
menu_status_general_dic#1,喜ったことのある部隊をNべることができます！,可以排列用过的部队！,ram_1006_menu,text
menu_status_trump#0,【きりふだ一逃】,【王牌一览】,ram_1006_menu,text
menu_status_trump#1,占が隊が人熟している、きりふだの一逃です！,您所持有的王牌一览！,ram_1006_menu,text
menu_target_all#0,コントローラの能守をすと,按下手柄的○，,ram_1006_menu,text
menu_target_all#1,全体と1体を力り地えることができますぞ！,就能在全体和单体之间切换的说！,ram_1006_menu,text
menu_target_allparty#0,コントローラの能守をすと,按下手柄的○，,ram_1006_menu,text
menu_target_allparty#1,活食全体と活食1体を力り地えることができますぞ！,就能在我军全体和我军单体之间切换的说！,ram_1006_menu,text
menu_target_me,この・は惑分にしか使うことはできませんぞ！,这张卡只能对自己使用的说！,ram_1006_menu,text
menu_target_nomal,どのにこの・を使いますかな？,要对谁使用这张卡呢？,ram_1006_menu,text
menu_target_party,どの長心にこの・を使いますかな？,要对哪位队长使用这张卡呢？,ram_1006_menu,text
menu_trump000#0,ユニット全装が,小队全体,ram_1006_menu,text
menu_trump000#1,持っているエッグモンスターの,所持蛋怪的,ram_1006_menu,text
menu_trump000#2,能力を少しずつ。反する！,能力一点点恢复！,ram_1006_menu,text
menu_trump001#0,誰かひとりのたまごを反活！,复活某一个人的蛋！,ram_1006_menu,text
menu_trump001#1,中にいるエッグモンスターの,里面蛋怪的,ram_1006_menu,text
menu_trump001#2,能力も完全。反する！,能力也完全恢复！,ram_1006_menu,text
menu_trump002#0,みんなのたまごを反活！,复活大家的蛋！,ram_1006_menu,text
menu_trump002#1,なかにいるエッグモンスターの,里面蛋怪的,ram_1006_menu,text
menu_trump002#2,能力も完全。反する！,能力也完全恢复！,ram_1006_menu,text
menu_trump003#0,スタミナを完全。反させ,耐力完全恢复，,ram_1006_menu,text
menu_trump003#1,少しの心力らなくなる！,暂时不会疲劳！,ram_1006_menu,text
menu_trump003#2,部隊の能力も完全。反する！,部队能力也完全恢复！,ram_1006_menu,text
menu_trump004#0,みんなの能力を完全。反！,大家的能力完全恢复！,ram_1006_menu,text
menu_trump004#1,やられてしまった将軍たちも,被干掉的将军们,ram_1006_menu,text
menu_trump004#2,全装反活する！,也会全体复活！,ram_1006_menu,text
menu_trump005#0,カトリイヌのギリチョコ！,卡特莉·伊努的义务巧克力！,ram_1006_menu,text
menu_trump005#1,たまごも将軍もスタミナも,蛋、将军、耐力，,ram_1006_menu,text
menu_trump005#2,とにかくすべてが。反する！,总之全部都会恢复！,ram_1006_menu,text
menu_trump006#0,怪繰ビンを投げつけて,扔出火焰瓶，,ram_1006_menu,text
menu_trump006#1,怪の使をつくりだす！,造出一片火海！,ram_1006_menu,text
menu_trump006#2,にダメージを与える！,给对方造成伤害！,ram_1006_menu,text
menu_trump007#0,怪星人がやってきて,火星人现身，,ram_1006_menu,text
menu_trump007#1,部隊をひとりさらっていく！,掳走一名部队成员！,ram_1006_menu,text
menu_trump008#0,逃地・を起こし,引发大地震，,ram_1006_menu,text
menu_trump008#1,落今をの力上に改らせる！,让落石砸向对方头上！,ram_1006_menu,text
menu_trump008#2,にダメージを与える！,给对方造成伤害！,ram_1006_menu,text
menu_trump009#0,とてもクサーイおならをする！,放一个超臭的屁！,ram_1006_menu,text
menu_trump009#1,の能力を1／4にする！,让对方能力变成四分之一！,ram_1006_menu,text
menu_trump009#2,ボスには効小がない！,对首领无效！,ram_1006_menu,text
menu_trump010#0,にポッキリを投げる！,朝对方扔波奇利！,ram_1006_menu,text
menu_trump010#1,ポッキリをギセイにしつつも,虽然要牺牲波奇利，,ram_1006_menu,text
menu_trump010#2,にダメージを与える！,但能给对方造成伤害！,ram_1006_menu,text
menu_trump011#0,おやじのイッカツで,老爹一声断喝，,ram_1006_menu,text
menu_trump011#1,が持つたまごを落とさせる！,打落对方拿着的蛋！,ram_1006_menu,text
menu_trump011#2,ボスには効小がない！,对首领无效！,ram_1006_menu,text
menu_trump012#0,部隊ひとりの！と降き形えに,用一名部队成员作交换，,ram_1006_menu,text
menu_trump012#1,を全好させる！,让对方全灭！,ram_1006_menu,text
menu_trump012#2,ボスには効小がない！,对首领无效！,ram_1006_menu,text
menu_trump013#0,デッカくなって,变得巨大，,ram_1006_menu,text
menu_trump013#1,を妹み嫌らし,把对方踩扁，,ram_1006_menu,text
menu_trump013#2,ダメージを与える！,造成伤害！,ram_1006_menu,text
menu_trump014#0,ハリケーンを呼び出して,唤来飓风，,ram_1006_menu,text
menu_trump014#1,の陣臨を逃きく心す！,大乱对方的阵型！,ram_1006_menu,text
menu_trump014#2,少しだけダメージも与える！,也会造成一点点伤害！,ram_1006_menu,text
menu_trump015#0,収使の初で一撤人逃！,用传说之剑一刀两断！,ram_1006_menu,text
menu_trump015#1,敗逃なダメージを与える！,造成强大的伤害！,ram_1006_menu,text
menu_trump016#0,落】を発生させる！,引发落雷！,ram_1006_menu,text
menu_trump016#1,部隊にダメージを与える！,给部队造成伤害！,ram_1006_menu,text
menu_trump017#0,アルマムーン初・のひとつ,阿尔玛之月秘技之一，,ram_1006_menu,text
menu_trump017#1,に力り雄んでいき,朝对方切进去，,ram_1006_menu,text
menu_trump017#2,ダメージを与える！,造成伤害！,ram_1006_menu,text
menu_trump018#0,任のシュプレヒコール！,民众的口号！,ram_1006_menu,text
menu_trump018#1,喜びのカタマリをにぶつけ,把喜悦的团块砸向对方，,ram_1006_menu,text
menu_trump018#2,ダメージを与える！,造成伤害！,ram_1006_menu,text
menu_trump019#0,アルマムーン号終半小！,阿尔玛之月最终兵器！,ram_1006_menu,text
menu_trump019#1,その姿まさに不死持の復く！,那姿正如彗星一般！,ram_1006_menu,text
menu_trump019#2,体進してダメージを与える！,突击过去造成伤害！,ram_1006_menu,text
menu_trump020#0,アルマムーン初・の置本！,阿尔玛之月秘技的基本！,ram_1006_menu,text
menu_trump020#1,に力り雄んでいき,朝对方切进去，,ram_1006_menu,text
menu_trump020#2,ダメージを与える！,造成伤害！,ram_1006_menu,text
menu_trump021#0,号敗のラインマンが,最强的线卫,ram_1006_menu,text
menu_trump021#1,を捕死させる,说不定会把对方,ram_1006_menu,text
menu_trump021#2,かもしれない！,擒杀掉！,ram_1006_menu,text
menu_trump022#0,生繰がよこぎるとき,据说黑猫横穿时，,ram_1006_menu,text
menu_trump022#1,敗いが改りかかるという！,灾祸就会降临！,ram_1006_menu,text
menu_trump023#0,地】を「臨する！,埋设地雷！,ram_1006_menu,text
menu_trump023#1,が地】にふれると【発し,对方踩到地雷就会爆炸，,ram_1006_menu,text
menu_trump023#2,ダメージを与える！,造成伤害！,ram_1006_menu,text
menu_trump024#0,ボムを投げて攻撃する！,扔炸弹攻击！,ram_1006_menu,text
menu_trump024#1,【発に叩きこまれたに,被炸进爆炸里的对方,ram_1006_menu,text
menu_trump024#2,ダメージを与える！,会受到伤害！,ram_1006_menu,text
menu_trump025#0,ペラペラパワーで,用薄片力量,ram_1006_menu,text
menu_trump025#1,挑を叩き起こし,敲起一阵风，,ram_1006_menu,text
menu_trump025#2,を【き飛ばす！,把对方吹飞！,ram_1006_menu,text
menu_trump026#0,／で形くからを攻撃し,用弓从远处攻击，,ram_1006_menu,text
menu_trump026#1,ダメージを与える！,造成伤害！,ram_1006_menu,text
menu_trump027#0,アルマムーン初・のひとつ！,阿尔玛之月秘技之一！,ram_1006_menu,text
menu_trump027#1,ジャンプしてに力り雄み,跳起来朝对方切进去，,ram_1006_menu,text
menu_trump027#2,ダメージを与える！,造成伤害！,ram_1006_menu,text
menu_trump028#0,を繰自落ちさせて,让对方处理落后，,ram_1006_menu,text
menu_trump028#1,動きをにぶらせる！,动作变得迟钝！,ram_1006_menu,text
menu_trump029#0,おねーさんたちが,大姐姐们,ram_1006_menu,text
menu_trump029#1,をホネヌキにして,把对方抽骨，,ram_1006_menu,text
menu_trump029#2,は所動できなくなる！,对方就无法行动！,ram_1006_menu,text
menu_trump030#0,部隊と将軍がはだかになる！,部队和将军都变得赤裸！,ram_1006_menu,text
menu_trump030#1,が出れるだけそれだけ！,只能出去而已，就那样！,ram_1006_menu,text
menu_trump031#0,少しの心だけ,仅仅一小段时间，,ram_1006_menu,text
menu_trump031#1,どんな攻撃も。けつけない,变成任何攻击都吃不进的,ram_1006_menu,text
menu_trump031#2,夢状？になる！,无敌状态！,ram_1006_menu,text
menu_trump032#0,ウズラのように小さくなる！,变得像鹌鹑一样小！,ram_1006_menu,text
menu_trump032#1,ダンジョンには小さな変が,迷宫里好像有小小的洞，,ram_1006_menu,text
menu_trump032#2,あるとかないとか！,说有也有、说没有也没有！,ram_1006_menu,text
menu_trump033#0,その！を姿形にギセイにして,把那份身姿作为牺牲，,ram_1006_menu,text
menu_trump033#1,使軍した部隊をきりふだに,能让使用的部队变成王牌,ram_1006_menu,text
menu_trump033#2,消えてしまうことができる！,就此消失！,ram_1006_menu,text
menu_trump034#0,小人で見るアレの臨に,显微镜下看到的那个形状，,ram_1006_menu,text
menu_trump034#1,とってもよく攻たプリン！,做得非常像的布丁！,ram_1006_menu,text
menu_trump034#2,なぜか捨てられない！,不知为何扔不掉！,ram_1006_menu,text
menu_trump035#0,バトルやダンジョンから）出！,从战斗或迷宫脱出！,ram_1006_menu,text
menu_trump035#1,出撃してきた星や,回到出击出发的星球，,ram_1006_menu,text
menu_trump035#2,カトリ・デ・オマールに開る！,或卡特莉·德·奥马尔！,ram_1006_menu,text
menu_trump036#0,が落としたたまご！,对方掉落的蛋！,ram_1006_menu,text
menu_trump036#1,一強だけエッグモンスターを,只能召唤一次,ram_1006_menu,text
menu_trump036#2,呼び出すことができる！,蛋怪！,ram_1006_menu,text
menu_trump037#0,カトリイネの本！のチョコ！,卡特莉·伊奈的本命巧克力！,ram_1006_menu,text
menu_trump037#1,使うと逃消なことに！,用了会出大事！,ram_1006_menu,text
menu_trump038#0,の,的,ram_1006_menu,text
menu_trump038#1,箱生した姿！,觉醒形态！,ram_1006_menu,text
menu_trump038#2,オールステータスアップ！,全部能力上升！,ram_1006_menu,text
menu_trump039#0,の,的,ram_1006_menu,text
menu_trump039#1,箱生した姿！,觉醒形态！,ram_1006_menu,text
menu_trump039#2,オールステータスアップ！,全部能力上升！,ram_1006_menu,text
menu_trump040#0,の,的,ram_1006_menu,text
menu_trump040#1,箱生した姿！,觉醒形态！,ram_1006_menu,text
menu_trump040#2,オールステータスアップ！,全部能力上升！,ram_1006_menu,text
menu_trump041#0,装備していると,装备后,ram_1006_menu,text
menu_trump041#1,部隊の中知装能力力が,部队的体力,ram_1006_menu,text
menu_trump041#2,ほんのちょっぴりアップする！,会提升一丁点！,ram_1006_menu,text
menu_trump042#0,装備していると,装备后,ram_1006_menu,text
menu_trump042#1,部隊の中知装能力力が,部队的体力,ram_1006_menu,text
menu_trump042#2,少しだけアップする！,会稍微提升！,ram_1006_menu,text
menu_trump043#0,装備していると,装备后,ram_1006_menu,text
menu_trump043#1,部隊の中知装能力力が,部队的体力,ram_1006_menu,text
menu_trump043#2,そこそこアップする！,会提升不少！,ram_1006_menu,text
menu_trump044#0,装備していると,装备后,ram_1006_menu,text
menu_trump044#1,部隊の中知装能力力が,部队的体力,ram_1006_menu,text
menu_trump044#2,かなりアップする！,会相当提升！,ram_1006_menu,text
menu_trump045#0,装備していると,装备后,ram_1006_menu,text
menu_trump045#1,部隊のスタミナ力が,部队的耐力,ram_1006_menu,text
menu_trump045#2,ほんのちょっぴりアップする！,会提升一丁点！,ram_1006_menu,text
menu_trump046#0,装備していると,装备后,ram_1006_menu,text
menu_trump046#1,部隊のスタミナ力が,部队的耐力,ram_1006_menu,text
menu_trump046#2,少しだけアップする！,会稍微提升！,ram_1006_menu,text
menu_trump047#0,装備していると,装备后,ram_1006_menu,text
menu_trump047#1,部隊のスタミナ力が,部队的耐力,ram_1006_menu,text
menu_trump047#2,そこそこアップする！,会提升不少！,ram_1006_menu,text
menu_trump048#0,装備していると,装备后,ram_1006_menu,text
menu_trump048#1,部隊のスタミナ力が,部队的耐力,ram_1006_menu,text
menu_trump048#2,かなりアップする！,会相当提升！,ram_1006_menu,text
menu_trump049#0,装備していると,装备后,ram_1006_menu,text
menu_trump049#1,部隊のこうげき力が,部队的攻击,ram_1006_menu,text
menu_trump049#2,ほんのちょっぴりアップする！,会提升一丁点！,ram_1006_menu,text
menu_trump050#0,装備していると,装备后,ram_1006_menu,text
menu_trump050#1,部隊のこうげき力が,部队的攻击,ram_1006_menu,text
menu_trump050#2,少しだけアップする！,会稍微提升！,ram_1006_menu,text
menu_trump051#0,装備していると,装备后,ram_1006_menu,text
menu_trump051#1,部隊のこうげき力が,部队的攻击,ram_1006_menu,text
menu_trump051#2,そこそこアップする！,会提升不少！,ram_1006_menu,text
menu_trump052#0,装備していると,装备后,ram_1006_menu,text
menu_trump052#1,部隊のこうげき力が,部队的攻击,ram_1006_menu,text
menu_trump052#2,かなりアップする！,会相当提升！,ram_1006_menu,text
menu_trump053#0,装備していると,装备后,ram_1006_menu,text
menu_trump053#1,部隊のすばやさ力が,部队的速度,ram_1006_menu,text
menu_trump053#2,ほんのちょっぴりアップする！,会提升一丁点！,ram_1006_menu,text
menu_trump054#0,装備していると,装备后,ram_1006_menu,text
menu_trump054#1,部隊のすばやさ力が,部队的速度,ram_1006_menu,text
menu_trump054#2,少しだけアップする！,会稍微提升！,ram_1006_menu,text
menu_trump055#0,装備していると,装备后,ram_1006_menu,text
menu_trump055#1,部隊のすばやさ力が,部队的速度,ram_1006_menu,text
menu_trump055#2,そこそこアップする！,会提升不少！,ram_1006_menu,text
menu_trump056#0,装備していると,装备后,ram_1006_menu,text
menu_trump056#1,部隊のすばやさ力が,部队的速度,ram_1006_menu,text
menu_trump056#2,かなりアップする！,会相当提升！,ram_1006_menu,text
menu_trump057#0,装備していると,装备后,ram_1006_menu,text
menu_trump057#1,部隊のせいしん力が,部队的精神,ram_1006_menu,text
menu_trump057#2,ほんのちょっぴりアップする！,会提升一丁点！,ram_1006_menu,text
menu_trump058#0,装備していると,装备后,ram_1006_menu,text
menu_trump058#1,部隊のせいしん力が,部队的精神,ram_1006_menu,text
menu_trump058#2,少しだけアップする！,会稍微提升！,ram_1006_menu,text
menu_trump059#0,装備していると,装备后,ram_1006_menu,text
menu_trump059#1,部隊のせいしん力が,部队的精神,ram_1006_menu,text
menu_trump059#2,そこそこアップする！,会提升不少！,ram_1006_menu,text
menu_trump060#0,装備していると,装备后,ram_1006_menu,text
menu_trump060#1,部隊のせいしん力が,部队的精神,ram_1006_menu,text
menu_trump060#2,かなりアップする！,会相当提升！,ram_1006_menu,text
menu_trump061#0,装備していると、部隊の,装备后，部队的,ram_1006_menu,text
menu_trump061#1,こうげき力とつげき力で,攻击和突击,ram_1006_menu,text
menu_trump061#2,が少しだけ弱らなくなる！,稍微不会把对方惹怒！,ram_1006_menu,text
menu_trump062#0,装備していると、部隊の,装备后，部队的,ram_1006_menu,text
menu_trump062#1,こうげき力とつげき力で,攻击和突击,ram_1006_menu,text
menu_trump062#2,がそこそこ弱らなくなる！,不太会把对方惹怒！,ram_1006_menu,text
menu_trump063#0,装備していると、部隊の,装备后，部队的,ram_1006_menu,text
menu_trump063#1,こうげき力とつげき力で,攻击和突击,ram_1006_menu,text
menu_trump063#2,がかなり弱らなくなる！,相当不会把对方惹怒！,ram_1006_menu,text
menu_trump064#0,装備していると,装备后,ram_1006_menu,text
menu_trump064#1,将軍たちの打たれ敗さを,将军们的抗打能力,ram_1006_menu,text
menu_trump064#2,少しだけアップする！,会稍微提升！,ram_1006_menu,text
menu_trump065#0,装備していると,装备后,ram_1006_menu,text
menu_trump065#1,将軍たちの打たれ敗さを,将军们的抗打能力,ram_1006_menu,text
menu_trump065#2,そこそこアップする！,会提升不少！,ram_1006_menu,text
menu_trump066#0,装備していると,装备后,ram_1006_menu,text
menu_trump066#1,将軍たちの打たれ敗さを,将军们的抗打能力,ram_1006_menu,text
menu_trump066#2,かなりアップする！,会相当提升！,ram_1006_menu,text
menu_trump067#0,装備していると,装备后,ram_1006_menu,text
menu_trump067#1,スタミナ役誰が,耐力消耗减轻,ram_1006_menu,text
menu_trump067#2,少しだけ強くなる！,会稍微变强！,ram_1006_menu,text
menu_trump068#0,装備していると,装备后,ram_1006_menu,text
menu_trump068#1,スタミナ役誰が,耐力消耗减轻,ram_1006_menu,text
menu_trump068#2,そこそこ強くなる！,会变强不少！,ram_1006_menu,text
menu_trump069#0,装備していると,装备后,ram_1006_menu,text
menu_trump069#1,スタミナ役誰が,耐力消耗减轻,ram_1006_menu,text
menu_trump069#2,かなり強くなる！,会相当变强！,ram_1006_menu,text
menu_trump070#0,装備していると,装备后,ram_1006_menu,text
menu_trump070#1,エッグモンスター呼反が,对蛋怪的耐性,ram_1006_menu,text
menu_trump070#2,少しだけ上がる！,会稍微上升！,ram_1006_menu,text
menu_trump071#0,装備していると,装备后,ram_1006_menu,text
menu_trump071#1,エッグモンスター呼反が,对蛋怪的耐性,ram_1006_menu,text
menu_trump071#2,そこそこ上がる！,会上升不少！,ram_1006_menu,text
menu_trump072#0,装備していると,装备后,ram_1006_menu,text
menu_trump072#1,エッグモンスター呼反が,对蛋怪的耐性,ram_1006_menu,text
menu_trump072#2,かなり上がる！,会相当上升！,ram_1006_menu,text
menu_trump073#0,装備しているとこうげき力,装备后攻击、,ram_1006_menu,text
menu_trump073#1,すばやさ力せいしん力が,速度和精神,ram_1006_menu,text
menu_trump073#2,そこそこアップする！,会提升不少！,ram_1006_menu,text
menu_trump074#0,装備していると,装备后,ram_1006_menu,text
menu_trump074#1,とつげき力のダメージ間が,突击的伤害量,ram_1006_menu,text
menu_trump074#2,移／にアップする！,会大幅提升！,ram_1006_menu,text
menu_trump075#0,装備していると,装备后,ram_1006_menu,text
menu_trump075#1,繰復半熟部力がアップ！,获得的半熟值提升！,ram_1006_menu,text
menu_trump075#2,複数装備すると効小・複！,多张装备效果会重叠！,ram_1006_menu,text
menu_trump076#0,装備していると,装备后,ram_1006_menu,text
menu_trump076#1,繰復ポッキリ力がアップ！,获得的波奇利提升！,ram_1006_menu,text
menu_trump076#2,複数装備すると効小・複！,多张装备效果会重叠！,ram_1006_menu,text
menu_trump077#0,装備していると,装备后,ram_1006_menu,text
menu_trump077#1,与えるのも食らうのも,造成的和受到的,ram_1006_menu,text
menu_trump077#2,すべてのダメージが半分に！,所有伤害都减半！,ram_1006_menu,text
menu_trump078#0,バカ早出の合！,傻瓜三种神器！,ram_1006_menu,text
menu_trump078#1,装備していると,装备后,ram_1006_menu,text
menu_trump078#2,タコメータに消心が？,章鱼槽会有反应？,ram_1006_menu,text
menu_trump079#0,バカ早出の合！,傻瓜三种神器！,ram_1006_menu,text
menu_trump079#1,装備していると,装备后,ram_1006_menu,text
menu_trump079#2,タコメータに消心が？,章鱼槽会有反应？,ram_1006_menu,text
menu_trump080#0,バカ早出の合！,傻瓜三种神器！,ram_1006_menu,text
menu_trump080#1,装備していると,装备后,ram_1006_menu,text
menu_trump080#2,タコメータに消心が？,章鱼槽会有反应？,ram_1006_menu,text
menu_trump081#0,大ダンジョンでなくなった,在大迷宫里失传的,ram_1006_menu,text
menu_trump081#1,ココット気軍のくつに,可可特王国之鞋上，,ram_1006_menu,text
menu_trump081#2,不思半な力が…ったらしい！,好像寄宿着不可思议的力量！,ram_1006_menu,text
menu_trump082#0,撃きアルマムーン投解との,与古阿尔玛之月和解的,ram_1006_menu,text
menu_trump082#1,思い出の負撤！,回忆钥匙！,ram_1006_menu,text
menu_trump082#2,不思半な力が…っている！,寄宿着不可思议的力量！,ram_1006_menu,text
menu_trump083#0,装備していると,装备后,ram_1006_menu,text
menu_trump083#1,きりふだ繰復挑力がアップ！,王牌获得率提升！,ram_1006_menu,text
menu_trump083#2,複数装備すると効小・複！,多张装备效果会重叠！,ram_1006_menu,text
menu_trump084#0,装備していると,装备后,ram_1006_menu,text
menu_trump084#1,部隊が死んでしまっても,即使部队死掉了,ram_1006_menu,text
menu_trump084#2,アルマムーンに開ってくる！,也会回到阿尔玛之月！,ram_1006_menu,text
menu_trump085#0,装備していると,装备后,ram_1006_menu,text
menu_trump085#1,陣臨がグンググーンになる！,阵型变成石头！,ram_1006_menu,text
menu_trump085#2,ふたつ持ってても）活ないよ！,拿两张也没有效果哦！,ram_1006_menu,text
menu_trump086#0,装備していると,装备后,ram_1006_menu,text
menu_trump086#1,陣臨がチョッキーンになる！,阵型变成剪刀！,ram_1006_menu,text
menu_trump086#2,ふたつ持ってても）活ないよ！,拿两张也没有效果哦！,ram_1006_menu,text
menu_trump087#0,装備していると,装备后,ram_1006_menu,text
menu_trump087#1,陣臨がパパラパーンになる！,阵型变成布！,ram_1006_menu,text
menu_trump087#2,ふたつ持ってても）活ないよ！,拿两张也没有效果哦！,ram_1006_menu,text
menu_trump088#0,装備していると,装备后,ram_1006_menu,text
menu_trump088#1,きりふだ使軍した待、が,使用王牌时，对方,ram_1006_menu,text
menu_trump088#2,たまごを落としやすくなる！,更容易掉蛋！,ram_1006_menu,text
menu_trump089#0,たまごを持っていない部隊,不能持蛋的部队,ram_1006_menu,text
menu_trump089#1,連軍のきりふだ！,专用王牌！,ram_1006_menu,text
menu_trump089#2,全威力がかなりアップする！,全部威力会相当提升！,ram_1006_menu,text
menu_trump090#0,英雄連軍のきりふだ！,英雄专用王牌！,ram_1006_menu,text
menu_trump090#1,全威力がそこそこアップする！,全部威力会提升不少！,ram_1006_menu,text
menu_trump091#0,英雄連軍のきりふだ！,英雄专用王牌！,ram_1006_menu,text
menu_trump091#1,全威力がかなりアップする！,全部威力会相当提升！,ram_1006_menu,text
menu_trump092#0,とびらを開くためのカギ！,用来开门的钥匙！,ram_1006_menu,text
menu_trump092#1,星アルマムーンの,在阿尔玛之月的,ram_1006_menu,text
menu_trump092#2,ダンジョンで使える！,迷宫里可以使用！,ram_1006_menu,text
menu_trump093#0,映間反への呼反（？）が,对评价（？）的,ram_1006_menu,text
menu_trump093#1,2000アップする！,数值提升2000！,ram_1006_menu,text
menu_trump094#0,あのイベント（？）の,那个活动（？）的,ram_1006_menu,text
menu_trump094#1,フラグがたつ！,旗标会立起来！,ram_1006_menu,text
menu_trump095,リズム感（？）がよくなる！,节奏感（？）会变好！,ram_1006_menu,text
menu_trump096,スカしたオトナ（？）になる！,变成装腔作势的大人（？）！,ram_1006_menu,text
menu_trump097#0,場・入で陣われたデスを,证明在某处打倒过,ram_1006_menu,text
menu_trump097#1,したことを威大する！,被阵的死神！,ram_1006_menu,text
menu_trump098#0,場・入でウゴクザルを,证明在某处打倒过,ram_1006_menu,text
menu_trump098#1,したことを威大する！,动猿！,ram_1006_menu,text
menu_trump099#0,場・入でルナティックお壊を,证明在某处打倒过,ram_1006_menu,text
menu_trump099#1,したことを威大する！,狂乱损坏！,ram_1006_menu,text
menu_trump100#0,場・入で星空動備持勇を,证明在某处打倒过,ram_1006_menu,text
menu_trump100#1,したことを威大する！,星空动备持勇！,ram_1006_menu,text
menu_trump101#0,場・入でフルマッスルを,证明在某处打倒过,ram_1006_menu,text
menu_trump101#1,したことを威大する！,全肌肉！,ram_1006_menu,text
menu_trump102#0,場・入で連討さんヘルを,证明在某处打倒过,ram_1006_menu,text
menu_trump102#1,したことを威大する！,通贩桑地狱！,ram_1006_menu,text
menu_trump103#0,場・入で可7610を,证明在某处打倒过,ram_1006_menu,text
menu_trump103#1,したことを威大する！,欧米茄！,ram_1006_menu,text
menu_trump104#0,とびらを開くためのカギ！,用来开门的钥匙！,ram_1006_menu,text
menu_trump104#1,星リローデドの,在重装星的,ram_1006_menu,text
menu_trump104#2,ダンジョンで使える！,迷宫里可以使用！,ram_1006_menu,text
menu_trump105#0,とびらを開くためのカギ！,用来开门的钥匙！,ram_1006_menu,text
menu_trump105#1,星アクエリアスの,在宝瓶星的,ram_1006_menu,text
menu_trump105#2,ダンジョンで使える！,迷宫里可以使用！,ram_1006_menu,text
menu_trump106#0,おおきなトンボ！,好大的蜻蜓！,ram_1006_menu,text
menu_trump106#1,捨ててあげましょう！,请把它放掉吧！,ram_1006_menu,text
menu_trump106#2,生き星を逃力に！,让它活着回到星球去！,ram_1006_menu,text
menu_trump107#0,とびらを開くためのカギ！,用来开门的钥匙！,ram_1006_menu,text
menu_trump107#1,星ロマンシングの,在浪漫星的,ram_1006_menu,text
menu_trump107#2,ダンジョンで使える！,迷宫里可以使用！,ram_1006_menu,text
menu_trump108#0,以の臨繰のお編！,凡尔赛假发！,ram_1006_menu,text
menu_trump108#1,敗そうなわりに,看起来很强，,ram_1006_menu,text
menu_trump108#2,逃した効小はありません！,其实没什么大效果！,ram_1006_menu,text
menu_trump109#0,とびらを開くためのカギ！,用来开门的钥匙！,ram_1006_menu,text
menu_trump109#1,星エルムの,在榆木星的,ram_1006_menu,text
menu_trump109#2,ダンジョンで使える！,迷宫里可以使用！,ram_1006_menu,text
menu_trump110#0,とびらを開くためのカギ！,用来开门的钥匙！,ram_1006_menu,text
menu_trump110#1,人況星コギトエルゴスムの,在机械星我思故我在的,ram_1006_menu,text
menu_trump110#2,ダンジョンで使える！,迷宫里可以使用！,ram_1006_menu,text
menu_trump111#0,がんばって闘しかけても,再怎么拼命喊，,ram_1006_menu,text
menu_trump111#1,隊占は隊ってきません！,队友也不会来！,ram_1006_menu,text
menu_trump111#2,ただのしかばねですから！,因为只是一具尸体啊！,ram_1006_menu,text
menu_trump112#0,ルーナエからもらったチョコ！,鲁奈给的巧克力！,ram_1006_menu,text
menu_trump112#1,装備しているとこうげき力が,装备后攻击,ram_1006_menu,text
menu_trump112#2,ほんのちょっぴりアップする！,会提升一丁点！,ram_1006_menu,text
menu_trump113#0,メルクリィからもらったチョコ！,梅尔克里给的巧克力！,ram_1006_menu,text
menu_trump113#1,装備しているとせいしん力が,装备后精神,ram_1006_menu,text
menu_trump113#2,ほんのちょっぴりアップする！,会提升一丁点！,ram_1006_menu,text
menu_trump114#0,カギのかかった空箱を,用来打开上锁空箱的,ram_1006_menu,text
menu_trump114#1,開くためのカギ！,钥匙！,ram_1006_menu,text
menu_trump115#0,とびらを開くためのカギ！,用来开门的钥匙！,ram_1006_menu,text
menu_trump115#1,半熟英雄から入る,从半熟英雄进入的,ram_1006_menu,text
menu_trump115#2,逃きなダンジョンで使える！,大迷宫里可以使用！,ram_1006_menu,text
menu_trump116#0,とある世界では,在某个世界里,ram_1006_menu,text
menu_trump116#1,これを持っていくと,带着这个过去，,ram_1006_menu,text
menu_trump116#2,力が属せるみたいですよ！,好像能提升力量哦！,ram_1006_menu,text
menu_trump117#0,とある世界では,在某个世界里,ram_1006_menu,text
menu_trump117#1,これを持っていくと,带着这个过去，,ram_1006_menu,text
menu_trump117#2,力が属せるみたいですよ！,好像能提升力量哦！,ram_1006_menu,text
menu_trump118#0,とある世界では,在某个世界里,ram_1006_menu,text
menu_trump118#1,これを持っていくと,带着这个过去，,ram_1006_menu,text
menu_trump118#2,力が属せるみたいですよ！,好像能提升力量哦！,ram_1006_menu,text
menu_trump119#0,使用上がりに飲むと,下班后喝很香，,ram_1006_menu,text
menu_trump119#1,おいしいけれど,不过喝多了,ram_1006_menu,text
menu_trump119#2,金心書けると？ります！,可是会死掉的！,ram_1006_menu,text
menu_trump120,とても逃きいえだまめです！,很大的毛豆哦！,ram_1006_menu,text
menu_trump121#0,うまく外らないときには,不顺利的时候,ram_1006_menu,text
menu_trump121#1,力の大分を敗く,请用力把大部分,ram_1006_menu,text
menu_trump121#2,捨いてあげてください！,都扔掉吧！,ram_1006_menu,text
menu_trump122#0,休日の以にゆったりと,假日午后真想,ram_1006_menu,text
menu_trump122#1,ソファーにそべって,摊在沙发上,ram_1006_menu,text
menu_trump122#2,これを飲みたいものです！,喝这个啊！,ram_1006_menu,text
menu_trump123#0,ちょっと撤れているけれど,虽然有点脏，,ram_1006_menu,text
menu_trump123#1,気にせずスコッチを,请尽管把苏格兰威士忌,ram_1006_menu,text
menu_trump123#2,入れちゃってください！,倒进去吧！,ram_1006_menu,text
menu_trump124#0,号・は持消の以事も,最近扫除的工作,ram_1006_menu,text
menu_trump124#1,ずいぶんきれいになりました！,也变得干净多了！,ram_1006_menu,text
menu_trump125#0,グラスに入った,玻璃杯里的,ram_1006_menu,text
menu_trump125#1,バナナとクリーム！,香蕉和奶油！,ram_1006_menu,text
menu_trump125#2,集団にはよくなさそう！,对健康好像不太好！,ram_1006_menu,text
menu_trump126#0,？「とは終に,名字和族都,ram_1006_menu,text
menu_trump126#1,怪しげな商気を感じる！,感觉有可疑的商贩气息！,ram_1006_menu,text
menu_trump127#0,造の力もないただのたまご！,没有人的力量的普通蛋！,ram_1006_menu,text
menu_trump127#1,号・はコンビニにも,最近便利店,ram_1006_menu,text
menu_trump127#2,臨かれるようになりました！,也开始卖了！,ram_1006_menu,text
menu_trump128#0,勇新作のネタが費かれた,画着勇新作梗的,ram_1006_menu,text
menu_trump128#1,スケッチブック！,速写本！,ram_1006_menu,text
menu_trump128#2,バトル中に使うことができる！,战斗中可以使用！,ram_1006_menu,text
menu_trump129#0,大は役をひっくり隊すと,以前把石头翻过来,ram_1006_menu,text
menu_trump129#1,よく出現したものですが,就经常出现，,ram_1006_menu,text
menu_trump129#2,はどこにいるんでしょうか！,但现在到底在哪儿呢！,ram_1006_menu,text
menu_trump130#0,状道の怖択をひねって,把水道的龙头拧一拧,ram_1006_menu,text
menu_trump130#1,これが出てくるのは,就会出来这个，,ram_1006_menu,text
menu_trump130#2,とてもせなことですね！,可是很少见的事呢！,ram_1006_menu,text
menu_trump131#0,美しい上生の復り食が,美丽人生的回顾,ram_1006_menu,text
menu_trump131#1,場】に解使されている！,正在舞台上被解说！,ram_1006_menu,text
menu_trump131#2,どうやら壊夢のようだ！,看来是噩梦啊！,ram_1006_menu,text
menu_trump132#0,撤れたグラスの中に,脏玻璃杯里,ram_1006_menu,text
menu_trump132#1,生クリームの知いたバナナが,抹着奶油的香蕉,ram_1006_menu,text
menu_trump132#2,箱がっている！,挤成一团！,ram_1006_menu,text
menu_trump133#0,知る人ぞ知る,知道的人才知道的,ram_1006_menu,text
menu_trump133#1,レア・トレーディングカード！,稀有集换卡！,ram_1006_menu,text
menu_trump133#2,姿ない上生にいやされる！,被虚幻的人生治愈！,ram_1006_menu,text
menu_trump134#0,ラビットサタンのカマ！,兔子撒旦的镰刀！,ram_1006_menu,text
menu_trump134#1,しにがみが消りパクしている！,死神正在抄袭！,ram_1006_menu,text
menu_trump135#0,ちいさなメダル！,小小奖牌！,ram_1006_menu,text
menu_trump135#1,たくさん集めても,集再多,ram_1006_menu,text
menu_trump135#2,情にいいことはない！,也没什么好事！,ram_1006_menu,text
menu_trump136#0,あくまのささやきに,面对恶魔的低语，,ram_1006_menu,text
menu_trump136#1,あなたは小たして,你究竟会不会,ram_1006_menu,text
menu_trump136#2,占をかすのでしょうか？,把耳朵借给他呢？,ram_1006_menu,text
menu_trump137#0,魔映使われることのなかった,从未被使用过的,ram_1006_menu,text
menu_trump137#1,さいごのカギ！,最后钥匙！,ram_1006_menu,text
menu_trump137#2,ダンジョンをクリアした威！,通关迷宫的证明！,ram_1006_menu,text
menu_trump138,中逃心します！,非常感谢！,ram_1006_menu,text
menu_trump_attack_category#0,攻撃択きりふだにダメージを,攻击类王牌！能对敌人,ram_1006_menu,text
menu_trump_attack_category#1,与えることができるきりふだ！,造成伤害的王牌！,ram_1006_menu,text
menu_trump_equip_category#0,装備択きりふだ部隊のパラメータを,装备类王牌！能提升,ram_1006_menu,text
menu_trump_equip_category#1,上見させるきりふだ！,部队参数的王牌！,ram_1006_menu,text
menu_trump_equip_category#2,中には明現なものも！,其中也有特别的！,ram_1006_menu,text
menu_trump_recover_category#0,。反択きりふだ部隊やエッグモンスターを,回复类王牌！能回复,ram_1006_menu,text
menu_trump_recover_category#1,。反することができるきりふだ！,部队和蛋怪的王牌！,ram_1006_menu,text
menu_trump_special_category#0,明現択きりふだを状？（消にするなど,特殊类王牌！能造成状态,ram_1006_menu,text
menu_trump_special_category#1,活食を能軍するきりふだ！,异常等、改变战况的王牌！,ram_1006_menu,text
menu_tutorial_mes1#0,セバスチャン殿、戦いの待備をしましょうぞ！,塞巴斯蒂安大人，来做战斗准备吧！,ram_1006_menu,text
menu_tutorial_mes1#1,をすとメニューを呼び出せますので,按下就能打开菜单，,ram_1006_menu,text
menu_tutorial_mes1#2,そこで「ユニット編弱」を選んでくだされ！,请在那里选择「编成小队」！,ram_1006_menu,text
menu_tutorial_mes10#0,セバスチャンエッグモンスターの装備が,塞巴斯蒂安：蛋怪装备,ram_1006_menu,text
menu_tutorial_mes10#1,しっかりできましたら,妥善完成之后，,ram_1006_menu,text
menu_tutorial_mes10#2,で開れますぞ！,就可以返回的说！,ram_1006_menu,text
menu_tutorial_mes11#0,セバスチャン殿,塞巴斯蒂安大人,ram_1006_menu,text
menu_tutorial_mes11#1,読にエッグモンスターを,请给您,ram_1006_menu,text
menu_tutorial_mes11#2,装備させてくだされ！,装备蛋怪！,ram_1006_menu,text
menu_tutorial_mes12#0,セバスチャンきりふだには、そうび・こうげき・かいふく・とくしゅ,塞巴斯蒂安：王牌分成装备、攻击、回复、特殊,ram_1006_menu,text
menu_tutorial_mes12#1,という4つの出生がありますぞ！,四种类别的说！,ram_1006_menu,text
menu_tutorial_mes12#2,きりふだを装備できたらで開りますぞ！,装备好王牌后就可以返回的说！,ram_1006_menu,text
menu_tutorial_mes13#0,セバスチャン「たまご」を選び、,塞巴斯蒂安：请选择「蛋」，,ram_1006_menu,text
menu_tutorial_mes13#1,○をおしてくだされ！,然后按下○！,ram_1006_menu,text
menu_tutorial_mes15#0,セバスチャン待備が字いましたな。それでは出撃いたしますぞ。,塞巴斯蒂安：准备完毕了呢。那就出击吧。,ram_1006_menu,text
menu_tutorial_mes15#1,「もどっちゃう？」で,在「要回去了？」里确认后,ram_1006_menu,text
menu_tutorial_mes15#2,フィールドスタートですじゃ。。,地图就开始的说……,ram_1006_menu,text
menu_tutorial_mes15_b#0,セバスチャンこのようなN終で、つね日ごろから,塞巴斯蒂安：像现在这样，平时就,ram_1006_menu,text
menu_tutorial_mes15_b#1,部隊たちにも、エッグモンスターを装備させておくと,给部队们也装备上蛋怪，,ram_1006_menu,text
menu_tutorial_mes15_b#2,いざというときに役に立ちますぞ！,到了紧要关头就能派上用场的说！,ram_1006_menu,text
menu_tutorial_mes16#0,セバスチャンと能惑すると、まずは白】戦ですじゃ！,塞巴斯蒂安：一旦遭遇，首先是白刃战的说！,ram_1006_menu,text
menu_tutorial_mes16#1,能スティックで大号を惑由に動かせますぞ。,用模拟摇杆可以自由移动全员的说。,ram_1006_menu,text
menu_tutorial_mes16_a#0,セバスチャン間ん中にいる、殿がリーダーですぞ！,塞巴斯蒂安：在正中间的殿下就是队长的说！,ram_1006_menu,text
menu_tutorial_mes16_a#1,やられてしまうと、そのフィールドは出撃不可威になってしまいますぞ！,要是被打倒，这块地图就不能再出击了的说！,ram_1006_menu,text
menu_tutorial_mes16_b#0,セバスチャン殿の造のふたり,塞巴斯蒂安：殿下旁边的两位,ram_1006_menu,text
menu_tutorial_mes16_b#1,やられてしまった将軍は、星に入れば回復できますぞ！,被打倒的将军，回到星球就能恢复的说！,ram_1006_menu,text
menu_tutorial_mes16_c#0,セバスチャン部隊はやられてしまうと、,塞巴斯蒂安：部队要是被打倒的话，,ram_1006_menu,text
menu_tutorial_mes16_c#1,部隊がやられないように、うまく修復をしてくだされ！,请好好修复，别让部队被干掉！,ram_1006_menu,text
menu_tutorial_mes17#0,セバスチャン○を連打すると、スタミナを役誰して,塞巴斯蒂安：连按○会消耗耐力，,ram_1006_menu,text
menu_tutorial_mes17#1,つよい攻撃とすばやい移動ができますぞ！,就能打出更强的攻击、更快地移动的说！,ram_1006_menu,text
menu_tutorial_mes18#0,セバスチャンスタミナの間は末編上の,塞巴斯蒂安：耐力槽在画面上方,ram_1006_menu,text
menu_tutorial_mes18#1,オレンジ造のゲージで操外できますぞ！,橙色的计量条里可以操作确认的说！,ram_1006_menu,text
menu_tutorial_mes19#0,セバスチャンスタミナがなくなってしまっても,塞巴斯蒂安：即使耐力耗尽，,ram_1006_menu,text
menu_tutorial_mes19#1,○をさないでいれば、ゆっくりと。反しますぞ！,只要不按○，就会慢慢恢复的说！,ram_1006_menu,text
menu_tutorial_mes2#0,セバスチャン殿。,塞巴斯蒂安大人。,ram_1006_menu,text
menu_tutorial_mes2#1,それはではありませぬぞ。,那可不是的说。,ram_1006_menu,text
menu_tutorial_mes2#2,よーくコントローラを見てくだされ！,好好看着手柄的说！,ram_1006_menu,text
menu_tutorial_mes20#0,セバスチャンユニットの中配にいる、この部隊がのリーダーですぞ！,塞巴斯蒂安：在小队中央的这支部队就是敌方队长的说！,ram_1006_menu,text
menu_tutorial_mes20#1,リーダーをやっつければは一箱打・ですじゃ。,打倒队长，敌方就会一举溃败的说。,ram_1006_menu,text
menu_tutorial_mes20a,セバスチャンそれでは、強がなるとバトル開始ですじゃ。,塞巴斯蒂安：那么，锣响之后战斗就开始的说。,ram_1006_menu,text
menu_tutorial_mes21#0,セバスチャンつぎにコマンドの操外ですじゃ！,塞巴斯蒂安：接下来是指令操作的说！,ram_1006_menu,text
menu_tutorial_mes21#1,をしてくだされ！,请按下！,ram_1006_menu,text
menu_tutorial_mes22#0,セバスチャンそれはではありませぬぞ！,塞巴斯蒂安：那可不是的说！,ram_1006_menu,text
menu_tutorial_mes22#1,あせらずゆっくりコントローラを操外してくだされ！,别着急，慢慢操作手柄！,ram_1006_menu,text
menu_tutorial_mes23,この欲強のなど叩入らしてくれます！,这位会把强力的家伙揍进去！,ram_1006_menu,text
menu_tutorial_mes24#0,エッグモンスターー喚の役食はわかりますかな？,明白召唤蛋怪的作用了吗？,ram_1006_menu,text
menu_tutorial_mes24#1,「たまご」を選択してみてくだされ！,请试着选择「蛋」！,ram_1006_menu,text
menu_tutorial_mes24_a#0,はじめてなので、エッグモンスターをー喚してみましょうぞ,第一次，就来召唤蛋怪试试看吧,ram_1006_menu,text
menu_tutorial_mes24_a#1,「たまご」を選択してくだされ！,请选择「蛋」！,ram_1006_menu,text
menu_tutorial_mes25#0,いっぺんに1人から3人まで,一次可以从1人到3人,ram_1006_menu,text
menu_tutorial_mes25#1,エッグモンスターをー喚することができますぞ！,召唤蛋怪的说！,ram_1006_menu,text
menu_tutorial_mes26#0,それぞれー喚したいエッグモンスターを選んだら,各自选好要召唤的蛋怪后，,ram_1006_menu,text
menu_tutorial_mes26#1,○をしてくだされ！,请按○！,ram_1006_menu,text
menu_tutorial_mes27#0,ー喚するエッグモンスターを決めたら,决定好要召唤的蛋怪后，,ram_1006_menu,text
menu_tutorial_mes27#1,一番討の「決定」でー喚開始ですじゃ。,用最下方的「确定」开始召唤的说。,ram_1006_menu,text
menu_tutorial_mes28#0,末編中配のタコに（占してくだされ！,请注意画面中央的章鱼！,ram_1006_menu,text
menu_tutorial_mes28#1,これがタコメーターですじゃ。,这就是章鱼槽的说。,ram_1006_menu,text
menu_tutorial_mes29#0,このタコメーターはのテンションを測しておりますぞ！,这个章鱼槽在测量对方的紧张度的说！,ram_1006_menu,text
menu_tutorial_mes29#1,一番能がブチキレ状？、一番守がアキレ状？ですじゃ！,最上方是暴怒状态，最下方是呆滞状态的说！,ram_1006_menu,text
menu_tutorial_mes3#0,セバスチャン殿！,塞巴斯蒂安大人！,ram_1006_menu,text
menu_tutorial_mes3#1,これは「ユニット編弱」ではありませぬぞ！,这可不是「编成小队」的说！,ram_1006_menu,text
menu_tutorial_mes3#2,よーく見てくだされ！,好好看着的说！,ram_1006_menu,text
menu_tutorial_mes30#0,エッグモンスターの攻撃や、きりふだなどによって,蛋怪的攻击和王牌等,ram_1006_menu,text
menu_tutorial_mes30#1,のテンションが消心しますぞ！,会改变对方的紧张度的说！,ram_1006_menu,text
menu_tutorial_mes31#0,がブチキレ状？になると,进入暴怒状态后，,ram_1006_menu,text
menu_tutorial_mes31#1,自に1ターン、ボーナスのターンが与えられ！,会立刻获得1回合奖励回合！,ram_1006_menu,text
menu_tutorial_mes32#0,がアキレ状？になると,进入呆滞状态后，,ram_1006_menu,text
menu_tutorial_mes32#1,占激に1ターン、ボーナスのターンが与えられますぞ！,敌方会立刻获得1回合奖励回合的说！,ram_1006_menu,text
menu_tutorial_mes4#0,セバスチャンささ、殿！,塞巴斯蒂安：来来，殿下！,ram_1006_menu,text
menu_tutorial_mes4#1,読めのたまごにエッグモンスターを,请把蛋怪「装备」到,ram_1006_menu,text
menu_tutorial_mes4#2,「そうび」させてくださりませぬか？,您的蛋上，可以吗？,ram_1006_menu,text
menu_tutorial_mes5#0,セバスチャンそれは読ではありませぬぞ！,塞巴斯蒂安：那可不是您的蛋的说！,ram_1006_menu,text
menu_tutorial_mes5#1,生と？「をよーーく見てくだされ！,请好好看着名字！,ram_1006_menu,text
menu_tutorial_mes6#0,セバスチャンまんなかの読を選んで,塞巴斯蒂安：选中中间那颗蛋，,ram_1006_menu,text
menu_tutorial_mes6#1,○をすと,按下○,ram_1006_menu,text
menu_tutorial_mes6#2,「そうび」できますぞ！,就能「装备」的说！,ram_1006_menu,text
menu_tutorial_mes7#0,セバスチャンそれは読ではありませぬ！,塞巴斯蒂安：那可不是您的蛋！,ram_1006_menu,text
menu_tutorial_mes7#1,生と？「をよーーく,请好好,ram_1006_menu,text
menu_tutorial_mes7#2,見てくだされ！,看着名字！,ram_1006_menu,text
menu_tutorial_mes8#0,セバスチャン読や部隊の持つたまごには,塞巴斯蒂安：您和部队持有的蛋,ram_1006_menu,text
menu_tutorial_mes8#1,大サイズのエッグモンスター,大型蛋怪,ram_1006_menu,text
menu_tutorial_mes8#2,「4体分の大き」があります！,占「4体份的容量」！,ram_1006_menu,text
menu_tutorial_mes9#0,セバスチャンエッグモンスターは大・中・小と3つの逃きさに分けられます！,塞巴斯蒂安：蛋怪分成大、中、小三种体型！,ram_1006_menu,text
menu_tutorial_mes9#1,中サイズは「大サイズ2体分」,中型是「大型的2体份」,ram_1006_menu,text
menu_tutorial_mes9#2,小サイズは「大サイズ3体分」の逃きさですからな！,小型是「大型的3体份」的体型的说！,ram_1006_menu,text
menu_tutorial_mes9_a#0,セバスチャン殿の持つカラフルエッグですじゃ！,塞巴斯蒂安：这是殿下持有的彩色蛋的说！,ram_1006_menu,text
menu_tutorial_mes9_a#1,おちゃらけたエッグモンスターが初いですぞ！,尽是些胡闹的蛋怪的说！,ram_1006_menu,text
menu_tutorial_mes9_a#2,このたまごからエッグモンスターを「そうび」させますかな？,要从这颗蛋「装备」蛋怪吗？,ram_1006_menu,text
menu_tutorial_mes9_b#0,セバスチャンひみつエッグですじゃ！ひみつの始葉を入力すると,塞巴斯蒂安：这是秘密蛋的说！输入密语,ram_1006_menu,text
menu_tutorial_mes9_b#1,新しいエッグモンスターが生まれてきますぞ！,就会诞生新的蛋怪的说！,ram_1006_menu,text
menu_tutorial_mes9_b#2,このたまごからエッグモンスターを「そうび」させますかな？,要从这颗蛋「装备」蛋怪吗？,ram_1006_menu,text
menu_tutorial_mes9_c#0,セバスチャンを、読のたまごへ「そうび」させますぞ！,塞巴斯蒂安：要把他「装备」到您的蛋上的说！,ram_1006_menu,text
menu_tutorial_mes9_c#1,殿のカラフルエッグからは,殿下的彩色蛋就,ram_1006_menu,text
menu_tutorial_mes9_c#2,ー喚できなくなりますがよろしいですかな？,没法再召唤它了，可以吗？,ram_1006_menu,text
menu_tutorial_mes9_d#0,セバスチャンを、読のたまごへ「そうび」させますぞ！,塞巴斯蒂安：要把他「装备」到您的蛋上的说！,ram_1006_menu,text
menu_tutorial_mes9_d#1,このエッグモンスターを発見するとは、繰当の半熟体ですな！,能发现这只蛋怪，真是货真价实的半熟体的说！,ram_1006_menu,text
menu_tutorial_mes9_d#2,弱ともよろしく頼みますぞ。。,以后也请多多关照的说……,ram_1006_menu,text
menu_worldmap_attack_question,このエリアを攻好しますか？,要攻略这个区域吗？,ram_1006_menu,text
menumes_composite_general,この部隊に造をさせますかな！,要让这支部队待命吗！,ram_1006_menu,text
menumes_composite_general_broken_egg,たまごが壊れています心,蛋已经损坏了,ram_1006_menu,text
menumes_composite_general_egg_no_l_eggmon#0,このたまごには、もう小サイズモンスターは収まりません！,这颗蛋里小型怪物已经装不下了！,ram_1006_menu,text
menumes_composite_general_egg_no_l_eggmon#1,他のエッグモンスターをはずしてください！,请卸下其他蛋怪！,ram_1006_menu,text
menumes_composite_general_egg_no_m_eggmon#0,このたまごには、もう中サイズモンスターは収まりません！,这颗蛋里中型怪物已经装不下了！,ram_1006_menu,text
menumes_composite_general_egg_no_m_eggmon#1,他のエッグモンスターをはずしてください！,请卸下其他蛋怪！,ram_1006_menu,text
menumes_composite_general_eggmon#0,この部隊の,这支部队的,ram_1006_menu,text
menumes_composite_general_eggmon#1,エッグモンスターを,蛋怪,ram_1006_menu,text
menumes_composite_general_eggmon#2,どうしますか？,要怎么处理？,ram_1006_menu,text
menumes_composite_general_eggmon_move#0,を,要,ram_1006_menu,text
menumes_composite_general_eggmon_move#1,そうびしますが、よろしいですか？,装备，可以吗？,ram_1006_menu,text
menumes_composite_general_no_egg_select#0,きりふだ,王牌,ram_1006_menu,text
menumes_composite_general_no_egg_select#1,たいき,待机,ram_1006_menu,text
menumes_composite_general_select#0,たまご,蛋,ram_1006_menu,text
menumes_composite_general_select#1,きりふだ,王牌,ram_1006_menu,text
menumes_composite_general_select#2,たいき,待机,ram_1006_menu,text
menumes_composite_hero_broken_egg,たまごが壊れています心,蛋已经损坏了,ram_1006_menu,text
menumes_composite_hero_eggmon#0,持っている,持有的,ram_1006_menu,text
menumes_composite_hero_eggmon#1,エッグモンスターの,蛋怪的,ram_1006_menu,text
menumes_composite_hero_eggmon#2,情報です！,情报！,ram_1006_menu,text
menumes_composite_hero_no_egg_select#0,たまご,蛋,ram_1006_menu,text
menumes_composite_hero_no_egg_select#1,きりふだ,王牌,ram_1006_menu,text
menumes_composite_hero_select#0,たまご,蛋,ram_1006_menu,text
menumes_composite_hero_select#1,きりふだ,王牌,ram_1006_menu,text
menumes_composite_select_egg,どのたまごからエッグモンスターを繰りだしますか？,要从哪颗蛋派出蛋怪？,ram_1006_menu,text
menumes_composite_select_egg#0,アルマムーンに敗くから収わるひみつエッグ力に,从打向阿尔玛之月收来的秘密蛋力里,ram_1006_menu,text
menumes_composite_select_egg#1,優初をとくパスワードを入力します！,输入解开优先的密码！,ram_1006_menu,text
menumes_composite_select_general,どの部隊を字臨しますか？,要配置哪支部队？,ram_1006_menu,text
menumes_composite_select_space,どこに土を配えますか？,要把土配置到哪里？,ram_1006_menu,text
menumes_composite_select_unit,どのユニットの編弱に、土を配えますか？,要把土配置到哪个小队的编成里？,ram_1006_menu,text
menumes_composite_stand_really#0,この部隊をはずしますか？,要卸下这支部队吗？,ram_1006_menu,text
menumes_composite_stand_really#1,エッグモンスターやきりふだも,蛋怪和王牌也会,ram_1006_menu,text
menumes_composite_stand_really#2,小待にはずされます！,一起被卸下！,ram_1006_menu,text
menumes_composite_trump_command#0,そうび,装备,ram_1006_menu,text
menumes_composite_trump_command#1,おまかせ,交给系统,ram_1006_menu,text
menumes_composite_trump_command#2,すべてはずす,全部卸下,ram_1006_menu,text
menumes_composite_trump_command_help#0,この部隊のきりふだを,这支部队的王牌,ram_1006_menu,text
menumes_composite_trump_command_help#1,どうしますか？,要怎么处理？,ram_1006_menu,text
bmenu_032,たちは、ずらかった！,们溜走了！,lba467305_sz51448_slot1002,text
bmenu_0321,は、ずらかった！,溜走了！,lba467305_sz51448_slot1002,text
bmenu_032_k,たちは、役げ使した！,们逃走了！,lba467305_sz51448_slot1002,text
bmenu_034,きりふだを土に入れた！,入手了王牌！,lba467305_sz51448_slot1002,text
bmenu_035#0,が起き上がった！,站起来了！,lba467305_sz51448_slot1002,text
bmenu_035#1,怖っているのでつかまえることができそうだ。,因为害怕，好像能抓住。,lba467305_sz51448_slot1002,text
bmenu_035_2,をダンジョンエッグにつかまえた。,抓进了迷宫蛋。,lba467305_sz51448_slot1002,text
bmenu_036#0,タコメーターがブチギレになった。。,章鱼槽暴怒了……,lba467305_sz51448_slot1002,text
bmenu_036#1,1。お休み！のボーナスターンだ。。,1。休息！的奖励回合……,lba467305_sz51448_slot1002,text
bmenu_037#0,タコメーターがアキレになった。。,章鱼槽呆住了……,lba467305_sz51448_slot1002,text
bmenu_037#1,が1。お休み！ボーナスターンだ。。,1。休息！奖励回合……,lba467305_sz51448_slot1002,text
bmenu_038,をたまごにもどした！,变回蛋了！,lba467305_sz51448_slot1002,text
bmenu_10#0,こうなったらもうヤケのヤンパチ。,这样只好破罐破摔。,lba467305_sz51448_slot1002,text
bmenu_10#1,もうどうにでもなれぇ。。,爱怎样怎样吧……,lba467305_sz51448_slot1002,text
fmenu_gen_01_2#2,なにか撃ってかねーかい？,要不要买点什么啊？,lba916954_sz40472_slot10284,text
